ID,Feature,Screen,State,Variant,Width,Height,TextScale,Keyboard,Fixture,Filename,SHA256,Notes
AHDASH-V10-0001,Launch & Onboarding,01 Launch,Default,Primary,390,844,1.0,No,No,01_launch_onboarding/01_launch_primary_390x844.png,c2e0d1c19cfa7d04c3cd39ab3f52ea895e9c83f3ac8705753b8bfe32652a0696,Exact logical-pixel Flutter render; copied losslessly.
AHDASH-V10-0002,Launch & Onboarding,02 Onboarding,Step 1,Primary,390,844,1.0,No,No,01_launch_onboarding/02_onboarding_step_1_primary_390x844.png,152b8bd3d539da09f170eddd190fb29af1b0e2da0c8466f28135c4cea02032b7,Exact logical-pixel Flutter render; copied losslessly.
AHDASH-V10-0003,Launch & Onboarding,02 Onboarding,Step 2,Primary,390,844,1.0,No,No,01_launch_onboarding/02_onboarding_step_2_primary_390x844.png,bd98c36dfa48ac54ec6750902f8342c05da29bd8d39d8bcd72c2144d249918fb,Exact logical-pixel Flutter render; copied losslessly.
AHDASH-V10-0004,Launch & Onboarding,02 Onboarding,Step 3,Primary,390,844,1.0,No,No,01_launch_onboarding/02_onboarding_step_3_primary_390x844.png,96abe25101a71c92adf0b091ba4225cd08f7c94d8b370f724fb9191f97afd175,Exact logical-pixel Flutter render; copied losslessly.
AHDASH-V10-0005,Launch & Onboarding,02 Onboarding,Step 4,Primary,390,844,1.0,No,No,01_launch_onboarding/02_onboarding_step_4_primary_390x844.png,b40da95fb48c419fca977f840c18d4e13689d4013b908ff7cc5b2f69e83f6146,Exact logical-pixel Flutter render; copied losslessly.
AHDASH-V10-0006,Authentication,03 Sign In,Empty / Google available / password hidden,Primary,390,844,1.0,No,No,02_auth/03_sign_in_empty_primary_390x844.png,ace9f835b1c91d03ec72e3c7b5e0c9c7f8bdc396dcd0538acbc6931a2c40a116,Exact logical-pixel Flutter render; copied losslessly.
AHDASH-V10-0007,Authentication,04 Create Account,Empty / social auth / password hidden,Primary,390,844,1.0,No,No,02_auth/04_create_account_empty_primary_390x844.png,ac8b6bab9d6c19fbec66bdf1dc11c4df87412a5c12303914d71af7423927523f,Exact logical-pixel Flutter render; copied losslessly.
AHDASH-V10-0008,Home,05 Home,Signed in,Primary,390,844,1.0,No,TEST-ONLY,03_home/05_home_signed_in_primary_390x844.png,42f3c2ae9b9b9e25a05308103f8b4b99e108c01801bd6826868095eae3394689,Exact logical-pixel Flutter render; copied losslessly.
AHDASH-V10-0009,Categories,06 Category Selection,Six selected,Primary,390,844,1.0,No,TEST-ONLY,04_categories/06_category_selection_six_selected_primary_390x844.png,5067f5806277584f6d9f45c24dbc9f630661e4efbf1a140967befda293b0b7c6,Exact logical-pixel Flutter render; copied losslessly.
AHDASH-V10-0010,Categories,07 Category Detail,Populated,Primary,390,844,1.0,No,TEST-ONLY,04_categories/07_category_detail_populated_primary_390x844.png,426ba698d3302f54c8831cb2c7357e07690fcfba52c19677ab97ada32f7e17f3,Exact logical-pixel Flutter render; copied losslessly.
AHDASH-V10-0011,Party Setup,08 Team Setup,Populated,Primary,390,844,1.0,No,TEST-ONLY,05_party_setup/08_team_setup_populated_primary_390x844.png,300390e80f0a0903f1b3ef9e716b09a63edefb9d116e01b9d9963cc2900921aa,Exact logical-pixel Flutter render; copied losslessly.
AHDASH-V10-0012,Party Setup,09 Team Splitter,Automatic populated,Primary,390,844,1.0,No,TEST-ONLY,05_party_setup/09_team_splitter_automatic_primary_390x844.png,392d3cd2cc21bb0ca434a892d36371616aabf34ef8664855a84a0e3575d259f1,Exact logical-pixel Flutter render; copied losslessly.
AHDASH-V10-0013,Party Setup,10 Helpers,Three selected,Primary,390,844,1.0,No,TEST-ONLY,05_party_setup/10_helpers_three_selected_primary_390x844.png,3fa95fb097e53e0e722d33422df953b1c7409a237772c35feecbd1bac995d2d6,Exact logical-pixel Flutter render; copied losslessly.
AHDASH-V10-0014,Party Setup,11 Ready,Full summary,Primary,390,844,1.0,No,TEST-ONLY,05_party_setup/11_ready_full_summary_primary_390x844.png,4829cb62c14f3f9d5c6a90b4ea4fd1293bfb3da4eae296b7dd694efce12ad484,Exact logical-pixel Flutter render; copied losslessly.
AHDASH-V10-0015,Party Gameplay,12 Game Board,Mid-game,Primary,390,844,1.0,No,TEST-ONLY,06_party_gameplay/12_game_board_mid_game_primary_390x844.png,f672d4f78269138dea9ec0bcb4a6952c1da8a22cb64c95eea0c426745bb07835,Exact logical-pixel Flutter render; copied losslessly.
AHDASH-V10-0016,Party Gameplay,13 Text Question,Timer active,Primary,390,844,1.0,No,TEST-ONLY,06_party_gameplay/13_text_question_timer_active_primary_390x844.png,672396c043c0318d85884beaf4ef93294c620936bb8108002d94fefe19e30f08,Exact logical-pixel Flutter render; copied losslessly.
AHDASH-V10-0017,Party Gameplay,14 Image Question,Loaded image,Primary,390,844,1.0,No,TEST-ONLY,06_party_gameplay/14_image_question_loaded_primary_390x844.png,62bac15d8fbe51e99990b811e3d7e11293cef748395aa0441de99ce04290ec46,Exact logical-pixel Flutter render; copied losslessly.
AHDASH-V10-0018,Party Gameplay,15 Answer Reveal,Correct answer and scoring,Primary,390,844,1.0,No,TEST-ONLY,06_party_gameplay/15_answer_reveal_scoring_primary_390x844.png,1527c35d179fc63bca0bd0687f5779fc1dc5dce0cff3c3ba4af189dd6b23015e,Exact logical-pixel Flutter render; copied losslessly.
AHDASH-V10-0019,Party Gameplay,16 Final Result,Winner A,Primary,390,844,1.0,No,TEST-ONLY,06_party_gameplay/16_final_result_winner_a_primary_390x844.png,50c682c609fee8c0e6b07a21d8adfc9e8c651a62c4d2a1c7c45260a6bc42e2ed,Exact logical-pixel Flutter render; copied losslessly.
AHDASH-V10-0020,Saved Games & Help,17 How to Play,Default,Primary,390,844,1.0,No,TEST-ONLY,07_saved_games/17_how_to_play_primary_390x844.png,567f5d702bf0db0a30e75479094dd84275aac5b4513de0d12cf21a421313cde2,Exact logical-pixel Flutter render; copied losslessly.
AHDASH-V10-0021,Saved Games & Help,18 Saved Party Games,Current list,Primary,390,844,1.0,No,TEST-ONLY,07_saved_games/18_saved_party_games_primary_390x844.png,554c4a76726ba5ee99b67e228518f977faafe5b81e76e5104142589bcc0840a8,Exact logical-pixel Flutter render; copied losslessly.
AHDASH-V10-0022,Solo,28 Match Setup,Default,Primary,390,844,1.0,No,TEST-ONLY,09_solo/28_match_setup_primary_390x844.png,5e25021494d7b8ae034295430e6eff943171b34752eeded9fbd1aa18318a1bad,Exact logical-pixel Flutter render; copied losslessly.
AHDASH-V10-0023,Solo,29 Solo Setup,Limited,Primary,390,844,1.0,No,TEST-ONLY,09_solo/29_solo_setup_limited_primary_390x844.png,e287cbf2caafd2eeb5749b32eb8425169c256e0affbf9d1225a560baf82b371b,Exact logical-pixel Flutter render; copied losslessly.
AHDASH-V10-0024,Team Challenge,33 Team Challenge,Current availability,Primary,390,844,1.0,No,TEST-ONLY,10_team_challenge/33_team_challenge_primary_390x844.png,e16cfb7f8e79534e35adbe3f1531d41df7a4dade51aa1e43679bb4e3775ee8d8,Exact logical-pixel Flutter render; copied losslessly.
AHDASH-V10-0025,Ranking,34 Ranking,Current,Primary,390,844,1.0,No,TEST-ONLY,11_ranking/34_ranking_primary_390x844.png,cdc7bdb176ff561da516fbf07d233e9b7d3a2cae2974b15dc839bfea369f6ceb,Exact logical-pixel Flutter render; copied losslessly.
AHDASH-V10-0026,Friends,35 Friends,Search idle,Primary,390,844,1.0,No,TEST-ONLY,12_friends/35_friends_primary_390x844.png,d2172eac817f67d6f1f20d4d3bc5166d90350c6e2c99210f81dde4ca4001b531,Exact logical-pixel Flutter render; copied losslessly.
AHDASH-V10-0027,Blocked Players,36 Blocked Players,Current,Primary,390,844,1.0,No,TEST-ONLY,13_blocked_players/36_blocked_players_primary_390x844.png,c24c37128a61405bd6a06b4ee75537234b3fb1dab708cd5011a0aa6d4ccef5c4,Exact logical-pixel Flutter render; copied losslessly.
AHDASH-V10-0028,Team Detail,37 Team Detail,Current,Primary,390,844,1.0,No,TEST-ONLY,14_team_detail/37_team_detail_primary_390x844.png,4d88ce35aa88bb336607696327a14a600a0349fac8b646611b96bbc2dd9fe2b1,Exact logical-pixel Flutter render; copied losslessly.
AHDASH-V10-0029,Profile,38 Profile,Normal,Primary,390,844,1.0,No,TEST-ONLY,15_profile/38_profile_primary_390x844.png,10e582e646beae19dbbf2d6fa6b16e9310dee9cf155622c5f702bb9ec795cf76,Exact logical-pixel Flutter render; copied losslessly.
AHDASH-V10-0030,Notifications,39 Notifications,Current,Primary,390,844,1.0,No,TEST-ONLY,16_notifications/39_notifications_primary_390x844.png,c80bdda0a851070a8a330bb4f5e666c183e39918b3b028c7a4f92c823acca982,Exact logical-pixel Flutter render; copied losslessly.
AHDASH-V10-0031,Settings,40 Settings,Signed in,Primary,390,844,1.0,No,TEST-ONLY,17_settings/40_settings_signed_in_primary_390x844.png,2d40a437ac3a9a7763dc77d7bf854df8cebcb21a85b0d4e5688f998469111ede,Exact logical-pixel Flutter render; copied losslessly.
AHDASH-V10-0032,Report,41 Report a Problem,Empty form,Primary,390,844,1.0,No,TEST-ONLY,18_report/41_report_problem_empty_primary_390x844.png,11cbc3fd82e698467291c361a4d3ac1658a4a0c378df504b97f1c937bd591b58,Exact logical-pixel Flutter render; copied losslessly.
AHDASH-V10-0033,Football Preferences,42 Football Preferences,Selected,Primary,390,844,1.0,No,TEST-ONLY,19_football_preferences/42_football_preferences_selected_primary_390x844.png,ab7bf1e03a159bc8174efe9c04923411e0f2ada2d0a06569d53ceeeca892c91c,Exact logical-pixel Flutter render; copied losslessly.
AHDASH-V10-0034,Premium,43 Premium,Inactive entitlement / packages available / monthly selected,Primary,390,844,1.0,No,TEST-ONLY,20_premium/43_premium_inactive_primary_390x844.png,fda6a5d1c7a028f8292856c6fbec044897f84696441bd509483ac8f4f5b191f1,Exact logical-pixel Flutter render; copied losslessly.
AHDASH-V10-0035,Tournament,19 Tournament Hub,Populated,Primary,390,844,1.0,No,TEST-ONLY,08_tournament/19_tournament_hub_populated_primary_390x844.png,dd2581d829340982166ae472e70c19ef1a8b690ffc1e6dd3c5c3b14107db7840,Exact logical-pixel Flutter render; copied losslessly.
AHDASH-V10-0036,Tournament,20 Create Tournament,Form,Primary,390,844,1.0,No,TEST-ONLY,08_tournament/20_create_tournament_form_primary_390x844.png,5765ef3e781dfb0fd595f93982e4059c6d8c2117388839d1a7ff82e249cf31e0,Exact logical-pixel Flutter render; copied losslessly.
AHDASH-V10-0037,Tournament,21 Tournament Teams,Populated,Primary,390,844,1.0,No,TEST-ONLY,08_tournament/21_tournament_teams_populated_primary_390x844.png,231a92d36c49bd4c3a1a82eab8a14526204b72c3d2c3c307186adc8ffb20d2fc,Exact logical-pixel Flutter render; copied losslessly.
AHDASH-V10-0038,Tournament,22 Tournament Draw,Draw,Primary,390,844,1.0,No,TEST-ONLY,08_tournament/22_tournament_draw_primary_390x844.png,078893401c8d09a3a161a13c2406801915e3e7dcdbec2c65558a69503e506e51,Exact logical-pixel Flutter render; copied losslessly.
AHDASH-V10-0039,Tournament,23 Tournament Bracket,Initial,Primary,390,844,1.0,No,TEST-ONLY,08_tournament/23_tournament_bracket_initial_primary_390x844.png,4609e478a792daa358dcd7c41ad8e30cd1f42384a98a70f4d920876466703f6d,Exact logical-pixel Flutter render; copied losslessly.
AHDASH-V10-0040,Tournament,23 Tournament Bracket,Semifinals,Primary,390,844,1.0,No,TEST-ONLY,08_tournament/23_tournament_bracket_semifinals_primary_390x844.png,d793d93af99cf0ad59059e1cac5ab0a6992dfbaee48a405675dc16e23acec51e,Exact logical-pixel Flutter render; copied losslessly.
AHDASH-V10-0041,Tournament,23 Tournament Bracket,Final stage,Primary,390,844,1.0,No,TEST-ONLY,08_tournament/23_tournament_bracket_final_primary_390x844.png,b3e483eb5b23fffbdd661b659ce61ab2d3caf6ad2a8b4f85822f200c3e72e8be,Exact logical-pixel Flutter render; copied losslessly.
AHDASH-V10-0042,Tournament,26 Tournament Match,Active,Primary,390,844,1.0,No,TEST-ONLY,08_tournament/26_tournament_match_active_primary_390x844.png,623d713afd767e926cc63603a2f44c171de9bb70a786bb007b3815777a0151bf,Exact logical-pixel Flutter render; copied losslessly.
AHDASH-V10-0043,Tournament,27 Tournament Champion,Champion,Primary,390,844,1.0,No,TEST-ONLY,08_tournament/27_tournament_champion_primary_390x844.png,3215d9b60c0d5e5654fed58f1e49ba2420ce29c7e690fa48f91443cdf5b596b5,Exact logical-pixel Flutter render; copied losslessly.
AHDASH-V10-0044,Launch & Onboarding,01 Launch,Default,Compact,360,800,1.0,No,No,26_compact/01_launch_compact_360x800.png,7d6978ceab1a28d93c6eb6705d95a83b49062d38f6e6b16a381ec1cbc14bb07b,Exact logical-pixel Flutter render; copied losslessly.
AHDASH-V10-0045,Launch & Onboarding,02 Onboarding,Step 1,Compact,360,800,1.0,No,No,26_compact/02_onboarding_step_1_compact_360x800.png,70a849aa635b57217ec2fba5802babb47ad459c434cfa21e8edea764e52a64f0,Exact logical-pixel Flutter render; copied losslessly.
AHDASH-V10-0046,Launch & Onboarding,02 Onboarding,Step 2,Compact,360,800,1.0,No,No,26_compact/02_onboarding_step_2_compact_360x800.png,d77e81e7efa3d0bef49d983b9efb2ec1fa48759753080344e91f12580603207d,Exact logical-pixel Flutter render; copied losslessly.
AHDASH-V10-0047,Launch & Onboarding,02 Onboarding,Step 3,Compact,360,800,1.0,No,No,26_compact/02_onboarding_step_3_compact_360x800.png,bb4cbb005279df5bba7d5db5df53c7a340579bbf3cadb2537ac532f6b0e33b31,Exact logical-pixel Flutter render; copied losslessly.
AHDASH-V10-0048,Launch & Onboarding,02 Onboarding,Step 4,Compact,360,800,1.0,No,No,26_compact/02_onboarding_step_4_compact_360x800.png,6855d401b90e66d4066b25c7309ee7cac74c2df0345d3c67a45369eb1a7c120c,Exact logical-pixel Flutter render; copied losslessly.
AHDASH-V10-0049,Authentication,03 Sign In,Empty,Compact,360,800,1.0,No,No,26_compact/03_sign_in_compact_360x800.png,d1cd48ac1b3ead14fd035b947746c5d0e964977396eac03ce00292e1ea390052,Exact logical-pixel Flutter render; copied losslessly.
AHDASH-V10-0050,Authentication,04 Create Account,Empty,Compact,360,800,1.0,No,No,26_compact/04_create_account_compact_360x800.png,247a3b6baa470a20c263239d603aea218d39db2d2c3106ba16b7a3c029202dc3,Exact logical-pixel Flutter render; copied losslessly.
AHDASH-V10-0051,Home,05 Home,Signed in,Compact,360,800,1.0,No,TEST-ONLY,26_compact/05_home_signed_in_compact_360x800.png,a4af451d29fe8426493bf00daa799a23f0b37fb49a46e13c016fb924f615c9d1,Exact logical-pixel Flutter render; copied losslessly.
AHDASH-V10-0052,Categories,06 Category Selection,Representative,Compact,360,800,1.0,No,TEST-ONLY,26_compact/06_category_selection_compact_360x800.png,76efd20eb03eed373c14337e7293cf6b5cd3f7eae2c64bd43d85ebcf16851972,Exact logical-pixel Flutter render; copied losslessly.
AHDASH-V10-0053,Categories,07 Category Detail,Representative,Compact,360,800,1.0,No,TEST-ONLY,26_compact/07_category_detail_compact_360x800.png,c57a92ab4f710dfec4c5cb81dbd10ec797c46b9ff85f9b3489705250d48e8b3a,Exact logical-pixel Flutter render; copied losslessly.
AHDASH-V10-0054,Party Setup,08 Team Setup,Representative,Compact,360,800,1.0,No,TEST-ONLY,26_compact/08_team_setup_compact_360x800.png,bbfb5b81f0c85f5ba8822e2b4cd3ee427371683729aba33f4b7b6effc3f14dd3,Exact logical-pixel Flutter render; copied losslessly.
AHDASH-V10-0055,Party Setup,09 Team Splitter,Representative,Compact,360,800,1.0,No,TEST-ONLY,26_compact/09_team_splitter_compact_360x800.png,0d8e563df8cf8563ab083821eb785610b0da86eb93a0f31a1127d8a685398029,Exact logical-pixel Flutter render; copied losslessly.
AHDASH-V10-0056,Party Setup,10 Helpers,Representative,Compact,360,800,1.0,No,TEST-ONLY,26_compact/10_helpers_compact_360x800.png,572c52f011a373d21d569d4002a7e88dd2c626b253d8818584beffee83a15b02,Exact logical-pixel Flutter render; copied losslessly.
AHDASH-V10-0057,Party Setup,11 Ready,Representative,Compact,360,800,1.0,No,TEST-ONLY,26_compact/11_ready_compact_360x800.png,5f1ecf3afa22f5a29a8f1945aa367807eae389f9d4cdc7766ff30e559a5ea70a,Exact logical-pixel Flutter render; copied losslessly.
AHDASH-V10-0058,Party Gameplay,12 Game Board,Representative,Compact,360,800,1.0,No,TEST-ONLY,26_compact/12_game_board_compact_360x800.png,97cc2354bdd6bda46e1f6a3a3e2a92818a1215ba85cd12b0c6ef871872f480c5,Exact logical-pixel Flutter render; copied losslessly.
AHDASH-V10-0059,Party Gameplay,13 Text Question,Representative,Compact,360,800,1.0,No,TEST-ONLY,26_compact/13_text_question_compact_360x800.png,a628ae03be654999f52d59514ed9c346a02e654f83ce2c4cbcafb3eefa834f31,Exact logical-pixel Flutter render; copied losslessly.
AHDASH-V10-0060,Party Gameplay,14 Image Question,Representative,Compact,360,800,1.0,No,TEST-ONLY,26_compact/14_image_question_compact_360x800.png,a556dfc9a2f3d09b708e126db698159a25b37b8f4527fe9535f90eeea7772792,Exact logical-pixel Flutter render; copied losslessly.
AHDASH-V10-0061,Party Gameplay,15 Answer Reveal,Representative,Compact,360,800,1.0,No,TEST-ONLY,26_compact/15_answer_reveal_compact_360x800.png,1e8bec519a32f2d9c304807681e4e5684b3b3850be2d7f548d5fcbafdfc28d8b,Exact logical-pixel Flutter render; copied losslessly.
AHDASH-V10-0062,Party Gameplay,16 Final Result,Representative,Compact,360,800,1.0,No,TEST-ONLY,26_compact/16_final_result_compact_360x800.png,4187764782832eb49752839abd618344e2324a006aea6d5e843ac74e32f8122b,Exact logical-pixel Flutter render; copied losslessly.
AHDASH-V10-0063,Saved Games & Help,17 How to Play,Representative,Compact,360,800,1.0,No,TEST-ONLY,26_compact/17_how_to_play_compact_360x800.png,f0629e2689309677ecb789c26bf334fafd5c91c016635bf2d6c154b93384776c,Exact logical-pixel Flutter render; copied losslessly.
AHDASH-V10-0064,Saved Games & Help,18 Saved Party Games,Representative,Compact,360,800,1.0,No,TEST-ONLY,26_compact/18_saved_games_compact_360x800.png,e9d369fe9175b70406bf2fafcfbcbe4818dc82db6d3875c3ad47dc322e98e010,Exact logical-pixel Flutter render; copied losslessly.
AHDASH-V10-0065,Tournament,19 Tournament Hub,Representative,Compact,360,800,1.0,No,TEST-ONLY,26_compact/19_tournament_hub_compact_360x800.png,fdd9c77d7329b496e5784155a3295aa4e2e26d91b7cff37d86d8d5557f4692f0,Exact logical-pixel Flutter render; copied losslessly.
AHDASH-V10-0066,Tournament,20 Create Tournament,Representative,Compact,360,800,1.0,No,TEST-ONLY,26_compact/20_create_tournament_compact_360x800.png,6c82155e4f8625bfc19c23e6b0dfdc3349ad295876bcc285e1293dd8cecdfc28,Exact logical-pixel Flutter render; copied losslessly.
AHDASH-V10-0067,Tournament,21 Tournament Teams,Representative,Compact,360,800,1.0,No,TEST-ONLY,26_compact/21_tournament_teams_compact_360x800.png,50554e46475f4bb4724689857d90747b3f6cc173bf230371966f31ae7a5147c1,Exact logical-pixel Flutter render; copied losslessly.
AHDASH-V10-0068,Tournament,22 Tournament Draw,Representative,Compact,360,800,1.0,No,TEST-ONLY,26_compact/22_tournament_draw_compact_360x800.png,1c4aa13eaafbf57a04619cbfa253c0c8dcae654acb62788eb3d7c5e605bc59a0,Exact logical-pixel Flutter render; copied losslessly.
AHDASH-V10-0069,Tournament,23 Tournament Bracket,Representative,Compact,360,800,1.0,No,TEST-ONLY,26_compact/23_tournament_bracket_compact_360x800.png,7fc2e3aeb80d321d857575b941a786dae4f040bf7260679c07d80cff40408f76,Exact logical-pixel Flutter render; copied losslessly.
AHDASH-V10-0070,Tournament,26 Tournament Match,Representative,Compact,360,800,1.0,No,TEST-ONLY,26_compact/26_tournament_match_compact_360x800.png,fe295bd7b3566d21fbd60e6d0a0265815c07cb43273407b89b54e89d005dbeaf,Exact logical-pixel Flutter render; copied losslessly.
AHDASH-V10-0071,Tournament,27 Tournament Champion,Representative,Compact,360,800,1.0,No,TEST-ONLY,26_compact/27_tournament_champion_compact_360x800.png,6852ed967a4af525a09c2d7ece1b86db24c36540d7aa2ab1daf8c7d58dc3784b,Exact logical-pixel Flutter render; copied losslessly.
AHDASH-V10-0072,Solo,28 Match Setup,Representative,Compact,360,800,1.0,No,TEST-ONLY,26_compact/28_match_setup_compact_360x800.png,f0380836a5bf856a0548d0925fcfa4494d0bfb7359d8ee31120640d38d0ab0d9,Exact logical-pixel Flutter render; copied losslessly.
AHDASH-V10-0073,Solo,29 Solo Setup,Representative,Compact,360,800,1.0,No,TEST-ONLY,26_compact/29_solo_setup_compact_360x800.png,b9339f77be6a3adcb1e2b94138deb65c988f7fe74b93c8e467154b23a303426e,Exact logical-pixel Flutter render; copied losslessly.
AHDASH-V10-0074,Team Challenge,33 Team Challenge,Representative,Compact,360,800,1.0,No,TEST-ONLY,26_compact/33_team_challenge_compact_360x800.png,68553a989874c6a77fcf9ee87a6774eab3e0b7dc4f0b4ec36d7b1a770f4f1e6f,Exact logical-pixel Flutter render; copied losslessly.
AHDASH-V10-0075,Ranking,34 Ranking,Representative,Compact,360,800,1.0,No,TEST-ONLY,26_compact/34_ranking_compact_360x800.png,803463200bc879f6d1a5a4bc62a4263dc70dc0d17f30d910e8557d2bb59952ba,Exact logical-pixel Flutter render; copied losslessly.
AHDASH-V10-0076,Friends,35 Friends,Representative,Compact,360,800,1.0,No,TEST-ONLY,26_compact/35_friends_compact_360x800.png,2408e67152ef00c6361cecb9d79050db3b8169a8cda5ce7b727338e5b709a683,Exact logical-pixel Flutter render; copied losslessly.
AHDASH-V10-0077,Blocked Players,36 Blocked Players,Representative,Compact,360,800,1.0,No,TEST-ONLY,26_compact/36_blocked_players_compact_360x800.png,7e11655750f367259ec338d32038bd02af113c39b25eb769564ac8f293c27700,Exact logical-pixel Flutter render; copied losslessly.
AHDASH-V10-0078,Team Detail,37 Team Detail,Representative,Compact,360,800,1.0,No,TEST-ONLY,26_compact/37_team_detail_compact_360x800.png,b826bd93217ba9d385673f68adf96d72bba442ee62c74356b3301ed28c08079b,Exact logical-pixel Flutter render; copied losslessly.
AHDASH-V10-0079,Profile,38 Profile,Representative,Compact,360,800,1.0,No,TEST-ONLY,26_compact/38_profile_compact_360x800.png,15915ff4cc40f4e60edd4f10aa1b7caef61e0485951b7fd7abc932462ac9b1b8,Exact logical-pixel Flutter render; copied losslessly.
AHDASH-V10-0080,Notifications,39 Notifications,Representative,Compact,360,800,1.0,No,TEST-ONLY,26_compact/39_notifications_compact_360x800.png,cd09967f56ebccd364214ac1141b06dfbd92df9fc083fa990a496597699a1f6d,Exact logical-pixel Flutter render; copied losslessly.
AHDASH-V10-0081,Settings,40 Settings,Representative,Compact,360,800,1.0,No,TEST-ONLY,26_compact/40_settings_compact_360x800.png,65bdccdafadf08b44b05b223257939f659428b3bdea301c0ceec9baa2206bd61,Exact logical-pixel Flutter render; copied losslessly.
AHDASH-V10-0082,Report,41 Report a Problem,Representative,Compact,360,800,1.0,No,TEST-ONLY,26_compact/41_report_compact_360x800.png,11f4079a2b7c0612ebeabfbc720c6d9c02fd4cf8216d836246c8bd18c1c1388c,Exact logical-pixel Flutter render; copied losslessly.
AHDASH-V10-0083,Football Preferences,42 Football Preferences,Representative,Compact,360,800,1.0,No,TEST-ONLY,26_compact/42_football_preferences_compact_360x800.png,0e5f7a091977571ee51ccbba9eaed71d6bcd67a50ae9a14dfbc1a8fe51dce014,Exact logical-pixel Flutter render; copied losslessly.
AHDASH-V10-0084,Premium,43 Premium,Representative,Compact,360,800,1.0,No,TEST-ONLY,26_compact/43_premium_compact_360x800.png,ace70e1248f8f81b3aa2bf33f8115dca2b17ed66553f62675318c378066c1848,Exact logical-pixel Flutter render; copied losslessly.
AHDASH-V10-0085,Authentication,03 Sign In,Focused field / keyboard open,Keyboard,390,844,1.0,Yes,TEST-ONLY,25_keyboard/03_sign_in_keyboard_390x844.png,8f6907809a0aefbf65ce363018ae170aad199d0510462cd5711b69935759a352,Exact logical-pixel Flutter render; copied losslessly.
AHDASH-V10-0086,Authentication,04 Create Account,Focused field / keyboard open,Keyboard,390,844,1.0,Yes,TEST-ONLY,25_keyboard/04_create_account_keyboard_390x844.png,4a7685cf9ef0576bfc99b445f7c4cf6d2ffd79107bdd7551d062df3cccd5b235,Exact logical-pixel Flutter render; copied losslessly.
AHDASH-V10-0087,Categories,06 Category Selection,Focused field / keyboard open,Keyboard,390,844,1.0,Yes,TEST-ONLY,25_keyboard/06_category_search_keyboard_390x844.png,00eacd5b6d68497019bf45d444e92c8b919484e74156af91ba5ca2258b165b8a,Exact logical-pixel Flutter render; copied losslessly.
AHDASH-V10-0088,Party Setup,08 Team Setup,Focused field / keyboard open,Keyboard,390,844,1.0,Yes,TEST-ONLY,25_keyboard/08_team_setup_keyboard_390x844.png,8e2e8f7059ae5fe817be37e7e340d3179e69e138a0bdf4a1a4f2a07574ee5fce,Exact logical-pixel Flutter render; copied losslessly.
AHDASH-V10-0089,Party Setup,09 Team Splitter,Focused field / keyboard open,Keyboard,390,844,1.0,Yes,TEST-ONLY,25_keyboard/09_team_splitter_keyboard_390x844.png,939cb94aa043e063f5ebc86234460b792a3087d3870856960be615522d887269,Exact logical-pixel Flutter render; copied losslessly.
AHDASH-V10-0090,Tournament,20 Create Tournament,Focused field / keyboard open,Keyboard,390,844,1.0,Yes,TEST-ONLY,25_keyboard/20_create_tournament_keyboard_390x844.png,a5ced0de6603e9f56c60791caf167efa7b71ae9e0c1ce6063f6ebe76f8ada408,Exact logical-pixel Flutter render; copied losslessly.
AHDASH-V10-0091,Friends,35 Friends,Focused field / keyboard open,Keyboard,390,844,1.0,Yes,TEST-ONLY,25_keyboard/35_friends_search_keyboard_390x844.png,34e0382777f69df55227906d37a88ddc378a46c9ea14ca44f2a8514ca3b7cccb,Exact logical-pixel Flutter render; copied losslessly.
AHDASH-V10-0092,Report,41 Report a Problem,Focused field / keyboard open,Keyboard,390,844,1.0,Yes,TEST-ONLY,25_keyboard/41_report_problem_keyboard_390x844.png,ba4611f3ca66ed9f106c7e850707376a26380eb7d4eb5c37de1ec28ddd38c432,Exact logical-pixel Flutter render; copied losslessly.
AHDASH-V10-0093,Football Preferences,42 Football Preferences,Focused field / keyboard open,Keyboard,390,844,1.0,Yes,TEST-ONLY,25_keyboard/42_football_preferences_keyboard_390x844.png,02da1429a3b1068b06e878ce0b6efd8531a4e0aae2300bb93057d8e66c921dab,Exact logical-pixel Flutter render; copied losslessly.
AHDASH-V10-0094,Authentication,03 Sign In,Representative,Text scale,390,844,1.3,No,TEST-ONLY,02_auth/03_sign_in_text_scale_1.3_390x844.png,55f08cdf36e206b2a2cdaa5721756c178cc450c2009bd8630669f6a29e73f7ca,Exact logical-pixel Flutter render; copied losslessly.
AHDASH-V10-0095,Authentication,04 Create Account,Representative,Text scale,390,844,1.3,No,TEST-ONLY,02_auth/04_create_account_text_scale_1.3_390x844.png,0b8794da3d8608ba47c6b1e044f2d3c89fcf50e5e53e01476461ba176a378567,Exact logical-pixel Flutter render; copied losslessly.
AHDASH-V10-0096,Home,05 Home,Representative,Text scale,390,844,1.3,No,TEST-ONLY,03_home/05_home_signed_in_text_scale_1.3_390x844.png,e996d9affb6440cd0279a947740082ffe2eb3f786e3a235e635ba64939f25872,Exact logical-pixel Flutter render; copied losslessly.
AHDASH-V10-0097,Categories,06 Category Selection,Representative,Text scale,390,844,1.3,No,TEST-ONLY,04_categories/06_category_selection_text_scale_1.3_390x844.png,1f4fa2caa4e27c272568ce0e5cdecb21467edca2f1db348b7529599192c8a725,Exact logical-pixel Flutter render; copied losslessly.
AHDASH-V10-0098,Party Setup,08 Team Setup,Representative,Text scale,390,844,1.3,No,TEST-ONLY,05_party_setup/08_team_setup_text_scale_1.3_390x844.png,bed4b153b89135bda91bd5f8e3bd0f40f6560867a97636ec0ac9a62f674238df,Exact logical-pixel Flutter render; copied losslessly.
AHDASH-V10-0099,Party Gameplay,12 Game Board,Representative,Text scale,390,844,1.3,No,TEST-ONLY,06_party_gameplay/12_game_board_text_scale_1.3_390x844.png,8b8af4c81a13c6c6c3527c46490fc78b5f85cd9420bbb227333df1ca65180b79,Exact logical-pixel Flutter render; copied losslessly.
AHDASH-V10-0100,Tournament,23 Tournament Bracket,Representative,Text scale,390,844,1.3,No,TEST-ONLY,08_tournament/23_tournament_bracket_text_scale_1.3_390x844.png,ba3d216380e500db3f593211453d3e98851c7e0c7f1e11052a44ad9c7d0061c1,Exact logical-pixel Flutter render; copied losslessly.
AHDASH-V10-0101,Friends,35 Friends,Representative,Text scale,390,844,1.3,No,TEST-ONLY,12_friends/35_friends_text_scale_1.3_390x844.png,e5d8e207470cd644d520dcd8b799d9c3715e41fc0b2c4e682695aad6ed8d5dbb,Exact logical-pixel Flutter render; copied losslessly.
AHDASH-V10-0102,Settings,40 Settings,Representative,Text scale,390,844,1.3,No,TEST-ONLY,17_settings/40_settings_text_scale_1.3_390x844.png,fedb71fb86489cd64f0d1bdcebca4a24018d8752e072df4b1b6312bc4f14202d,Exact logical-pixel Flutter render; copied losslessly.
AHDASH-V10-0103,Premium,43 Premium,Representative,Text scale,390,844,1.3,No,TEST-ONLY,20_premium/43_premium_text_scale_1.3_390x844.png,af2de01288ccb6c5fc962517466d7a81e1a20520983e26e2f8dc9d170287d86c,Exact logical-pixel Flutter render; copied losslessly.
AHDASH-V10-0104,Home,05 Home,Representative,Responsive 393x852,393,852,1.0,No,TEST-ONLY,03_home/05_home_signed_in_responsive_393x852.png,7dc2f9968421a03edcda9b38838d5de6c3c956d5cc312886f1f59e6812097d4a,Exact logical-pixel Flutter render; copied losslessly.
AHDASH-V10-0105,Home,05 Home,Representative,Responsive 412x915,412,915,1.0,No,TEST-ONLY,03_home/05_home_signed_in_responsive_412x915.png,f080dc80b14cdb55af7f019926a1ee2c349279dbf094f9a52b071fd5bcd3c761,Exact logical-pixel Flutter render; copied losslessly.
AHDASH-V10-0106,Home,05 Home,Representative,Responsive 430x932,430,932,1.0,No,TEST-ONLY,03_home/05_home_signed_in_responsive_430x932.png,46a9028747d2a57066ed452ac3d8572ff0d6a3b124fc429263c44454a7062786,Exact logical-pixel Flutter render; copied losslessly.
AHDASH-V10-0107,Party Gameplay,12 Game Board,Representative,Responsive 393x852,393,852,1.0,No,TEST-ONLY,06_party_gameplay/12_game_board_mid_game_responsive_393x852.png,eb1754626a200b1704509adc29b54421a45ec64c8884c7943bf118c8e8c1a42e,Exact logical-pixel Flutter render; copied losslessly.
AHDASH-V10-0108,Party Gameplay,12 Game Board,Representative,Responsive 412x915,412,915,1.0,No,TEST-ONLY,06_party_gameplay/12_game_board_mid_game_responsive_412x915.png,905137a32252617607fafae9909550dc4811243e876958390bdc878752a0f983,Exact logical-pixel Flutter render; copied losslessly.
AHDASH-V10-0109,Party Gameplay,12 Game Board,Representative,Responsive 430x932,430,932,1.0,No,TEST-ONLY,06_party_gameplay/12_game_board_mid_game_responsive_430x932.png,8a7965707c1b8ab944f40724d410e745882acb7295ffeef715635a7492d08b1f,Exact logical-pixel Flutter render; copied losslessly.
AHDASH-V10-0110,Friends,35 Friends,Representative,Responsive 393x852,393,852,1.0,No,TEST-ONLY,12_friends/35_friends_responsive_393x852.png,bca0cb5598e778959408be80f9dafb6e34e057b3ed6a0d6eb4677469b32bd04a,Exact logical-pixel Flutter render; copied losslessly.
AHDASH-V10-0111,Friends,35 Friends,Representative,Responsive 412x915,412,915,1.0,No,TEST-ONLY,12_friends/35_friends_responsive_412x915.png,e553026c68db8dd92738ce5f8c497f679c52304dc1fca65993af86edb8c34e8b,Exact logical-pixel Flutter render; copied losslessly.
AHDASH-V10-0112,Friends,35 Friends,Representative,Responsive 430x932,430,932,1.0,No,TEST-ONLY,12_friends/35_friends_responsive_430x932.png,77a148dcfbd797aadc230a958ffdc1631796aa51f4b609f7ce412275c57c3bd3,Exact logical-pixel Flutter render; copied losslessly.
AHDASH-V10-0113,Settings,40 Settings,Representative,Responsive 393x852,393,852,1.0,No,TEST-ONLY,17_settings/40_settings_responsive_393x852.png,afa0ea707dd570612f481ebf2debb9b59fe7b37d18bde588181e04b139f24474,Exact logical-pixel Flutter render; copied losslessly.
AHDASH-V10-0114,Settings,40 Settings,Representative,Responsive 412x915,412,915,1.0,No,TEST-ONLY,17_settings/40_settings_responsive_412x915.png,427e2202cd8142fb05bf633c82f50ed53d4550be3d9617a6fe6639cd50e18474,Exact logical-pixel Flutter render; copied losslessly.
AHDASH-V10-0115,Settings,40 Settings,Representative,Responsive 430x932,430,932,1.0,No,TEST-ONLY,17_settings/40_settings_responsive_430x932.png,6e440cc4837e1cabce8307803431b651e5aacd4eeb9cfa9bd0b3c3ec7dc4d816,Exact logical-pixel Flutter render; copied losslessly.
AHDASH-V10-0116,Premium,43 Premium,Representative,Responsive 393x852,393,852,1.0,No,TEST-ONLY,20_premium/43_premium_responsive_393x852.png,c9b2d56d022f1dd360a047bc36d2ddd7b49a948a847857def83ebb0d720f4bf8,Exact logical-pixel Flutter render; copied losslessly.
AHDASH-V10-0117,Premium,43 Premium,Representative,Responsive 412x915,412,915,1.0,No,TEST-ONLY,20_premium/43_premium_responsive_412x915.png,c0b0f835ff7439241b7759e27b2e3fe5841ab82c4acbc30a65de2fab6d59fc5b,Exact logical-pixel Flutter render; copied losslessly.
AHDASH-V10-0118,Premium,43 Premium,Representative,Responsive 430x932,430,932,1.0,No,TEST-ONLY,20_premium/43_premium_responsive_430x932.png,aad12e41a7a91022452bc74f6d80e2c8023d685d31694cd2bf1cc4f5e64416f8,Exact logical-pixel Flutter render; copied losslessly.
AHDASH-V10-0119,Friends,35 Friends,Populated,Primary,390,844,1.0,No,TEST-ONLY,12_friends/35_friends_populated_fixture_primary_390x844.png,381b93114a1dd6c298f7d0a6d0d51691f1d3ccb221ef092431b98e51fdcee3b8,Exact logical-pixel Flutter render; copied losslessly.
AHDASH-V10-0120,Friends,35 Friends,Search results,Primary,390,844,1.0,No,TEST-ONLY,12_friends/35_friends_search_results_fixture_primary_390x844.png,503b07e921703ecdf4dea427310e0b60296015ed65a8193d44900d4b2f0d391b,Exact logical-pixel Flutter render; copied losslessly.
AHDASH-V10-0121,Friends,35 Friends,Search no results,Primary,390,844,1.0,No,TEST-ONLY,12_friends/35_friends_search_no_results_primary_390x844.png,eb9919ea09e7f01fdcd27d9ae2b42d854815f8896feffbf94543af1bee0be8c2,Exact logical-pixel Flutter render; copied losslessly.
AHDASH-V10-0122,Blocked Players,36 Blocked Players,Populated,Primary,390,844,1.0,No,TEST-ONLY,13_blocked_players/36_blocked_players_populated_fixture_primary_390x844.png,59b4a4ace21a5afb23dea7c38f88bec47cd7db66cb071f5b9e6b5fe668c50791,Exact logical-pixel Flutter render; copied losslessly.
AHDASH-V10-0123,Saved Games & Help,18 Saved Party Games,Multiple games,Primary,390,844,1.0,No,TEST-ONLY,07_saved_games/18_saved_games_multiple_fixture_primary_390x844.png,6922e05c2e14b825ac34e1cafe90e75b6d13cae288521700f6d7726c129054a7,Exact logical-pixel Flutter render; copied losslessly.
AHDASH-V10-0124,Ranking,34 Ranking,Populated,Primary,390,844,1.0,No,TEST-ONLY,11_ranking/34_ranking_populated_fixture_primary_390x844.png,782bdc41b10713ffa41d972129ffa0842cb286abf365f995dd3a41fb319019df,Exact logical-pixel Flutter render; copied losslessly.
AHDASH-V10-0125,Notifications,39 Notifications,Populated,Primary,390,844,1.0,No,TEST-ONLY,16_notifications/39_notifications_populated_fixture_primary_390x844.png,1375a6c8cb40849742d57113454da5c3bf4ba6850e0231a9f523d739b50c4c41,Exact logical-pixel Flutter render; copied losslessly.
AHDASH-V10-0126,Friends,35 Friends,Empty,Primary,390,844,1.0,No,TEST-ONLY,22_empty_states/35_friends_empty_primary_390x844.png,6b03f8988b7397d2bac2756f0557b1e2829306a3032f43ca27746c79466ae1ea,Exact logical-pixel Flutter render; copied losslessly.
AHDASH-V10-0127,Blocked Players,36 Blocked Players,Empty,Primary,390,844,1.0,No,TEST-ONLY,22_empty_states/36_blocked_players_empty_primary_390x844.png,2c4a3d31f944124832c9e133968f79eaaefabdf39fac96a5146dbd768fcfe7f8,Exact logical-pixel Flutter render; copied losslessly.
AHDASH-V10-0128,Ranking,34 Ranking,Empty,Primary,390,844,1.0,No,TEST-ONLY,22_empty_states/34_ranking_empty_primary_390x844.png,dd25224359ec79e3bc2a4b9a8bc4c7404cc97eb89da2716cf2e8f286dccae05e,Exact logical-pixel Flutter render; copied losslessly.
AHDASH-V10-0129,Saved Games & Help,18 Saved Party Games,Empty,Primary,390,844,1.0,No,TEST-ONLY,22_empty_states/18_saved_games_empty_primary_390x844.png,dbf002c954ff46f33809e1cf2989e042022e3f00a231ec3dcf6f7bbe6e07dc8b,Exact logical-pixel Flutter render; copied losslessly.
AHDASH-V10-0130,Notifications,39 Notifications,Empty,Primary,390,844,1.0,No,TEST-ONLY,22_empty_states/39_notifications_empty_primary_390x844.png,776101096e8da769305e20c186c764703403f49043f172b4dbc6461904d64037,Exact logical-pixel Flutter render; copied losslessly.
AHDASH-V10-0131,Friends,35 Friends,Loading / submitting,Primary,390,844,1.0,No,TEST-ONLY,23_loading_states/35_friends_loading_primary_390x844.png,100a1d564bb72b48b2f3467abd8b36479d5e98dc1b677cb39d958ffaa308335a,Exact logical-pixel Flutter render; copied losslessly.
AHDASH-V10-0132,Notifications,39 Notifications,Loading / submitting,Primary,390,844,1.0,No,TEST-ONLY,23_loading_states/39_notifications_loading_primary_390x844.png,7ca00a452501809a910e96ca992817165e7eef08a478881855661742cd8e288f,Exact logical-pixel Flutter render; copied losslessly.
AHDASH-V10-0133,Ranking,34 Ranking,Loading / submitting,Primary,390,844,1.0,No,TEST-ONLY,23_loading_states/34_ranking_loading_primary_390x844.png,1eee76e2b895b6eeaa0ca5471a50790d20563e5a68ca4ca2cea041865c101977,Exact logical-pixel Flutter render; copied losslessly.
AHDASH-V10-0134,Premium,43 Premium,Loading / submitting,Primary,390,844,1.0,No,TEST-ONLY,23_loading_states/43_premium_loading_primary_390x844.png,2059ca75801ae44ca700a5abd160989387d87aef70069e2758332cabc6629d72,Exact logical-pixel Flutter render; copied losslessly.
AHDASH-V10-0135,Authentication,03 Sign In,Loading / submitting,Primary,390,844,1.0,No,TEST-ONLY,23_loading_states/03_sign_in_submitting_primary_390x844.png,e09aec607df11b61c989e854f6defda73e38a287b1e33598a55ef29c0bfcbbe3,Exact logical-pixel Flutter render; copied losslessly.
AHDASH-V10-0136,Authentication,03 Sign In,Loading / submitting,Primary,390,844,1.0,No,TEST-ONLY,23_loading_states/03_google_auth_loading_primary_390x844.png,a0e9237cecd80bb43d4d8085178148e018242295015d647202af17dd400f79e6,Exact logical-pixel Flutter render; copied losslessly.
AHDASH-V10-0137,Friends,35 Friends,Error,Primary,390,844,1.0,No,TEST-ONLY,24_error_states/35_friends_error_primary_390x844.png,f5d8283854f062a165597d32d4df6088d3d4148d5ce967aa3c82543b498a1203,Exact logical-pixel Flutter render; copied losslessly.
AHDASH-V10-0138,Blocked Players,36 Blocked Players,Error,Primary,390,844,1.0,No,TEST-ONLY,24_error_states/36_blocked_players_error_primary_390x844.png,02f08ebea33803ed9372f872368e499689dc8e67d71f31ed5339cbcc6750c3ac,Exact logical-pixel Flutter render; copied losslessly.
AHDASH-V10-0139,Notifications,39 Notifications,Error,Primary,390,844,1.0,No,TEST-ONLY,24_error_states/39_notifications_error_primary_390x844.png,7c89b1c111c5e413c92664a8aa1e523ad101ba8853856ba61f2c2a8c2e12ef94,Exact logical-pixel Flutter render; copied losslessly.
AHDASH-V10-0140,Ranking,34 Ranking,Error,Primary,390,844,1.0,No,TEST-ONLY,24_error_states/34_ranking_error_primary_390x844.png,d3bb9877cfe8990f226de1287d046df2515b425bd374c7ae466de8bb8a7dea9c,Exact logical-pixel Flutter render; copied losslessly.
AHDASH-V10-0141,Authentication,03 Sign In,Error,Primary,390,844,1.0,No,TEST-ONLY,24_error_states/03_google_auth_failure_primary_390x844.png,52a0111b09d95e54dc3ecdf898cbdcf8e83e93e1a4ed89e6551cab392f7b495b,Exact logical-pixel Flutter render; copied losslessly.
AHDASH-V10-0142,Authentication,03 Sign In,Validation errors,Primary,390,844,1.0,No,TEST-ONLY,02_auth/03_sign_in_validation_errors_primary_390x844.png,2d022f11f167a623d62c32af0bd8e57cab708a3b17619f9d2e2dade87664c8ad,Exact logical-pixel Flutter render; copied losslessly.
AHDASH-V10-0143,Authentication,04 Create Account,Validation errors,Primary,390,844,1.0,No,TEST-ONLY,02_auth/04_create_account_validation_errors_primary_390x844.png,152acd0f8257d3cae14308516d1ab908a73b55313139e490317ba30e0f776214,Exact logical-pixel Flutter render; copied losslessly.
AHDASH-V10-0144,Authentication,03 Sign In,Password visible / filled,Primary,390,844,1.0,No,TEST-ONLY,02_auth/03_sign_in_password_visible_primary_390x844.png,fbc60d868ebaeb435271df12a65989e43ab2502334217458f28d3993528290f3,Exact logical-pixel Flutter render; copied losslessly.
AHDASH-V10-0145,Authentication,04 Create Account,Filled form,Primary,390,844,1.0,No,TEST-ONLY,02_auth/04_create_account_filled_fixture_primary_390x844.png,e8e302f772b0a0cece52f16f3663d335612a89b45241b273585ed68e9784e67e,Exact logical-pixel Flutter render; copied losslessly.
AHDASH-V10-0146,Guest,05 Home,Guest,Primary,390,844,1.0,No,TEST-ONLY,21_guest/05_home_guest_primary_390x844.png,5722b92a24c2dc2979d8d1fc1dcc1f60ee4566dca9e6dcac2a5a292af5e06a73,Exact logical-pixel Flutter render; copied losslessly.
AHDASH-V10-0147,Guest,05 Home,Guest,Compact,360,800,1.0,No,TEST-ONLY,21_guest/05_home_guest_compact_360x800.png,1deee6d1a3c9c9ad39f412518fc14a945a5831da79b93c305d73f3ddbe5be637,Exact logical-pixel Flutter render; copied losslessly.
AHDASH-V10-0148,Guest,Auth Gate,Generic protected action,Primary,390,844,1.0,No,TEST-ONLY,21_guest/global_guest_auth_gate_primary_390x844.png,8bb7edaee9612e76771d926d83ae09cc87643040981c019e3ae5df1728696963,Exact logical-pixel Flutter render; copied losslessly.
AHDASH-V10-0149,Guest,35 Friends,Guest restricted / Auth Gate,Primary,390,844,1.0,No,TEST-ONLY,21_guest/35_friends_guest_auth_gate_primary_390x844.png,b7270d94978fdbb532660a48fe0b74704e823aef5160bb4eea94774da46b35ec,Exact logical-pixel Flutter render; copied losslessly.
AHDASH-V10-0150,Guest,36 Blocked Players,Guest restricted / Auth Gate,Primary,390,844,1.0,No,TEST-ONLY,21_guest/36_blocked_players_guest_auth_gate_primary_390x844.png,4fafcbb6f6eebae22ee2641795ea6d88006abab7c2d4a84564b295a4fae96bac,Exact logical-pixel Flutter render; copied losslessly.
AHDASH-V10-0151,Guest,33 Team Challenge,Guest restricted / Auth Gate,Primary,390,844,1.0,No,TEST-ONLY,21_guest/33_team_challenge_guest_auth_gate_primary_390x844.png,de2c9db702703fcdf5364d3e8ed196e8bb0cb9999dcbd8dfb99ecdcfaf2c2b3e,Exact logical-pixel Flutter render; copied losslessly.
AHDASH-V10-0152,Guest,38 Profile,Guest restricted / Auth Gate,Primary,390,844,1.0,No,TEST-ONLY,21_guest/38_profile_guest_auth_gate_primary_390x844.png,b50b8aa64fd51c2f27a3429a19dcdadf4bd37019bbe82fc9ec14c7b9f79046bd,Exact logical-pixel Flutter render; copied losslessly.
AHDASH-V10-0153,Prior visual review,Account surfaces,Before / after evidence,Existing review artifact,1200,3500,1.0,No,No,29_before_after_if_available/account_review.png,559977de3d7381ac7517636b31131540eb608769452f6824078487ebefe21bd2,Existing visual comparison artifact copied losslessly; not a newly rendered product state.
AHDASH-V10-0154,Prior visual review,05 Home,Before / after evidence,Existing review artifact,1200,700,1.0,No,No,29_before_after_if_available/home_before_after.png,4f3dbe18daa01b12c2495a500b9c6a02394a32e0ce85e1e7fee25f84d68c137b,Existing visual comparison artifact copied losslessly; not a newly rendered product state.
AHDASH-V10-0155,Prior visual review,Party flow,Before / after evidence,Existing review artifact,1200,2800,1.0,No,No,29_before_after_if_available/party_review.png,1b5cb686af2bb253494bd38259f33f34ab7e0bd5ed5004eec2dd89b35788f5eb,Existing visual comparison artifact copied losslessly; not a newly rendered product state.
AHDASH-V10-0156,Prior visual review,Tournament flow,Before / after evidence,Existing review artifact,1200,2100,1.0,No,No,29_before_after_if_available/tournament_review.png,8194688d33e908c4eec068325e680073898b3b9fa86e4dcf1069da90c04ded96,Existing visual comparison artifact copied losslessly; not a newly rendered product state.
AHDASH-V10-0157,Authentication,03 Sign In,Brand header,Detail crop,390,150,1.0,No,No,28_detail_crops/detail__signin__brand_header.png,4a25a8e49e2d1dadbb5142ed28ec3398c9fab6445466124cf99bfc6f3573c1c8,"Major-screen detail. Exact crop (0, 0, 390, 150) from 02_auth/03_sign_in_empty_primary_390x844.png; no resize or annotation."
AHDASH-V10-0158,Authentication,03 Sign In,Social auth actions,Detail crop,354,174,1.0,No,No,28_detail_crops/detail__signin__social_auth.png,6c0b447dfc70addd1fa639fd463d480e6601dd9b1d48c7fb0d1a4cb99f59dfc7,"Major-screen detail. Exact crop (18, 120, 372, 294) from 02_auth/03_sign_in_empty_primary_390x844.png; no resize or annotation."
AHDASH-V10-0159,Authentication,03 Sign In,Email and password fields,Detail crop,350,240,1.0,No,No,28_detail_crops/detail__signin__email_password_fields.png,990d671fa491e848bb0c130bdccb75875d8171d6bfb07303bccd5590cd5352d0,"Major-screen detail. Exact crop (20, 270, 370, 510) from 02_auth/03_sign_in_empty_primary_390x844.png; no resize or annotation."
AHDASH-V10-0160,Authentication,03 Sign In,Primary CTA,Detail crop,350,135,1.0,No,No,28_detail_crops/detail__signin__primary_cta.png,7d85a2a10e8238155058dea385631ef2882950471b30109cb4e1d2e7159e3771,"Major-screen detail. Exact crop (20, 500, 370, 635) from 02_auth/03_sign_in_empty_primary_390x844.png; no resize or annotation."
AHDASH-V10-0161,Authentication,03 Sign In,Account switch and Guest actions,Detail crop,350,205,1.0,No,No,28_detail_crops/detail__signin__account_guest_actions.png,90ff05aa9b4d27d70e1ff6a735f0a21c778757fc130f29971662ef427ea6dd99,"Major-screen detail. Exact crop (20, 610, 370, 815) from 02_auth/03_sign_in_empty_primary_390x844.png; no resize or annotation."
AHDASH-V10-0162,Authentication,04 Create Account,Footer and legal area,Detail crop,354,224,1.0,No,No,28_detail_crops/detail__create_account__footer_legal.png,33878fec16451377e73b36fcdf7f8e25d500ec678d97eb9496b2a55d1919378a,"Major-screen detail. Exact crop (18, 620, 372, 844) from 02_auth/04_create_account_empty_primary_390x844.png; no resize or annotation."
AHDASH-V10-0163,Home,05 Home,Header,Detail crop,390,170,1.0,No,TEST-ONLY,28_detail_crops/detail__home__header.png,2427ef05cf47f1d08d89e7d057869eacf26c692ba2c8d79ad78324d4ad3c1519,"Major-screen detail. Exact crop (0, 0, 390, 170) from 03_home/05_home_signed_in_primary_390x844.png; no resize or annotation."
AHDASH-V10-0164,Home,05 Home,Party primary hero,Detail crop,366,290,1.0,No,TEST-ONLY,28_detail_crops/detail__home__party_hero.png,104b9e7c0624cbe782c4b8ad23bec6216a26791322d1514766afebdbd7a87ab5,"Major-screen detail. Exact crop (12, 120, 378, 410) from 03_home/05_home_signed_in_primary_390x844.png; no resize or annotation."
AHDASH-V10-0165,Home,05 Home,"Tournament, Solo, and Team Challenge",Detail crop,366,310,1.0,No,TEST-ONLY,28_detail_crops/detail__home__secondary_modes.png,5b5a5949f7923cc97a92920ebfdefd85456295b48ee29c2ef3ce49fdd7f42194,"Major-screen detail. Exact crop (12, 380, 378, 690) from 03_home/05_home_signed_in_primary_390x844.png; no resize or annotation."
AHDASH-V10-0166,Home,05 Home,Saved games and discovery links,Detail crop,366,194,1.0,No,TEST-ONLY,28_detail_crops/detail__home__discovery_links.png,4762f7e1bea4f16a2670002339633534c6142570012cf72f15fd43bc3692ebfe,"Major-screen detail. Exact crop (12, 650, 378, 844) from 03_home/05_home_signed_in_primary_390x844.png; no resize or annotation."
AHDASH-V10-0167,Categories,06 Category Selection,Search and header,Detail crop,390,220,1.0,No,TEST-ONLY,28_detail_crops/detail__categories__search_header.png,ed8a57663d2e3a9a4d2e21eddf6ee887b0c435829a37d7f9b3508815ac722957,"Major-screen detail. Exact crop (0, 0, 390, 220) from 04_categories/06_category_selection_six_selected_primary_390x844.png; no resize or annotation."
AHDASH-V10-0168,Categories,06 Category Selection,Category cards and selection,Detail crop,366,460,1.0,No,TEST-ONLY,28_detail_crops/detail__categories__cards_selected.png,6185204d45e32b52fe4c6807db66be343b5b2ac32da91898e301e0c03d6b5957,"Major-screen detail. Exact crop (12, 180, 378, 640) from 04_categories/06_category_selection_six_selected_primary_390x844.png; no resize or annotation."
AHDASH-V10-0169,Categories,06 Category Selection,Selection counter and CTA,Detail crop,366,234,1.0,No,TEST-ONLY,28_detail_crops/detail__categories__counter_cta.png,d08646a4f47d17ae47bb3426f8d2c9950b7fdd27b1a58de3d6cd26f24010018d,"Major-screen detail. Exact crop (12, 610, 378, 844) from 04_categories/06_category_selection_six_selected_primary_390x844.png; no resize or annotation."
AHDASH-V10-0170,Categories,07 Category Detail,Media and metadata,Detail crop,366,500,1.0,No,TEST-ONLY,28_detail_crops/detail__category_detail__media_metadata.png,ec911b27a328287ca3f8bdbad719a01465d8a1c304836ade343cb5e6f01a084a,"Major-screen detail. Exact crop (12, 110, 378, 610) from 04_categories/07_category_detail_populated_primary_390x844.png; no resize or annotation."
AHDASH-V10-0171,Categories,07 Category Detail,CTA area,Detail crop,366,254,1.0,No,TEST-ONLY,28_detail_crops/detail__category_detail__cta.png,a2a871c2e0f62a058135e037900300c371e98e0734cb59e75062814f321480e0,"Major-screen detail. Exact crop (12, 590, 378, 844) from 04_categories/07_category_detail_populated_primary_390x844.png; no resize or annotation."
AHDASH-V10-0172,Party Setup,08 Team Setup,"Team A, VS, Team B, and colors",Detail crop,366,540,1.0,No,TEST-ONLY,28_detail_crops/detail__team_setup__teams_vs_colors.png,37ab9030c8a2bfec876cd5066d2edb5d885e5201416a91b700b29caa052002e5,"Major-screen detail. Exact crop (12, 110, 378, 650) from 05_party_setup/08_team_setup_populated_primary_390x844.png; no resize or annotation."
AHDASH-V10-0173,Party Setup,08 Team Setup,Distribution control and CTA,Detail crop,358,224,1.0,No,TEST-ONLY,28_detail_crops/detail__team_setup__distribution_cta.png,c94c13cbba85731760a72a740b788a5ccead8f971aafe6a22cdd9bc437a118ae,"Major-screen detail. Exact crop (16, 620, 374, 844) from 05_party_setup/08_team_setup_populated_primary_390x844.png; no resize or annotation."
AHDASH-V10-0174,Party Setup,09 Team Splitter,Player chips and automatic allocation,Detail crop,366,510,1.0,No,TEST-ONLY,28_detail_crops/detail__team_splitter__player_chips.png,82b8308361835055babc6dd26ed91c2c5672238d7d3dd7d6bb08c46acd9bf484,"Major-screen detail. Exact crop (12, 140, 378, 650) from 05_party_setup/09_team_splitter_automatic_primary_390x844.png; no resize or annotation."
AHDASH-V10-0175,Party Setup,09 Team Splitter,Primary CTA,Detail crop,358,204,1.0,No,TEST-ONLY,28_detail_crops/detail__team_splitter__cta.png,a5fe9ba524460ee19cdcb1b799371ae5e9c1f34cfe836c0a34f2863d5657a890,"Major-screen detail. Exact crop (16, 640, 374, 844) from 05_party_setup/09_team_splitter_automatic_primary_390x844.png; no resize or annotation."
AHDASH-V10-0176,Party Setup,10 Helpers,"Helper cards, icons, descriptions, and selection",Detail crop,370,565,1.0,No,TEST-ONLY,28_detail_crops/detail__helpers__cards_three_selected.png,1c58d2a767a864182def1b1d192e62010f00e79a99f1bbfc08c4e75da60f8730,"Major-screen detail. Exact crop (10, 120, 380, 685) from 05_party_setup/10_helpers_three_selected_primary_390x844.png; no resize or annotation."
AHDASH-V10-0177,Party Setup,10 Helpers,Selection summary and CTA,Detail crop,362,194,1.0,No,TEST-ONLY,28_detail_crops/detail__helpers__selection_cta.png,02b078d862d81d8545a47c06948903116c1e1927298e6ecaf7a09ebb6c110dbf,"Major-screen detail. Exact crop (14, 650, 376, 844) from 05_party_setup/10_helpers_three_selected_primary_390x844.png; no resize or annotation."
AHDASH-V10-0178,Party Setup,11 Ready,Teams summary,Detail crop,366,200,1.0,No,TEST-ONLY,28_detail_crops/detail__ready__teams.png,a84530100289d5bab14e41e4afc264830d172ec3dc05ca04e8b02068e83208c1,"Major-screen detail. Exact crop (12, 100, 378, 300) from 05_party_setup/11_ready_full_summary_primary_390x844.png; no resize or annotation."
AHDASH-V10-0179,Party Setup,11 Ready,Categories and helpers summary,Detail crop,366,420,1.0,No,TEST-ONLY,28_detail_crops/detail__ready__categories_helpers.png,d96b46360288ffac9ec5016ad8b1690e8c52309a4f9f030baac6971c4e0a290a,"Major-screen detail. Exact crop (12, 270, 378, 690) from 05_party_setup/11_ready_full_summary_primary_390x844.png; no resize or annotation."
AHDASH-V10-0180,Party Setup,11 Ready,Start CTA,Detail crop,362,194,1.0,No,TEST-ONLY,28_detail_crops/detail__ready__start_cta.png,9baf9b79d775ee85c9398b5b9e552656c11ca9d1849874c980131fe6db2c07f1,"Major-screen detail. Exact crop (14, 650, 376, 844) from 05_party_setup/11_ready_full_summary_primary_390x844.png; no resize or annotation."
AHDASH-V10-0181,Party Gameplay,12 Game Board,Scoreboard and turn indicator,Detail crop,390,195,1.0,No,TEST-ONLY,28_detail_crops/detail__board__score_turn.png,055b350ce308e1d4e917fca1432432d7e8821fd92bebc6ca46179b5c3d5bb5ba,"Major-screen detail. Exact crop (0, 0, 390, 195) from 06_party_gameplay/12_game_board_mid_game_primary_390x844.png; no resize or annotation."
AHDASH-V10-0182,Party Gameplay,12 Game Board,Category headers and question cells,Detail crop,366,510,1.0,No,TEST-ONLY,28_detail_crops/detail__board__category_question_cells.png,454610d32cea38913badfbfdae26a69b1f36cb251a846e86d286ebfc691798b6,"Major-screen detail. Exact crop (12, 165, 378, 675) from 06_party_gameplay/12_game_board_mid_game_primary_390x844.png; no resize or annotation."
AHDASH-V10-0183,Party Gameplay,12 Game Board,Helper strip,Detail crop,366,204,1.0,No,TEST-ONLY,28_detail_crops/detail__board__helper_strip.png,b3dd3638b3c03faa97e63cf0dceb7570eb09778000be632cf8aee41240a242d6,"Major-screen detail. Exact crop (12, 640, 378, 844) from 06_party_gameplay/12_game_board_mid_game_primary_390x844.png; no resize or annotation."
AHDASH-V10-0184,Party Gameplay,13 Text Question,"Category, score, turn, and timer",Detail crop,390,225,1.0,No,TEST-ONLY,28_detail_crops/detail__text_question__header_timer.png,d493f42107b2da63689d045897eb2b55be36c503c96d4e7cbce407d488567afb,"Major-screen detail. Exact crop (0, 0, 390, 225) from 06_party_gameplay/13_text_question_timer_active_primary_390x844.png; no resize or annotation."
AHDASH-V10-0185,Party Gameplay,13 Text Question,Question text,Detail crop,366,395,1.0,No,TEST-ONLY,28_detail_crops/detail__text_question__question.png,147c2e953c1bee2c7138418974720b65a670158dd929474ae49cda5a8e553f3e,"Major-screen detail. Exact crop (12, 190, 378, 585) from 06_party_gameplay/13_text_question_timer_active_primary_390x844.png; no resize or annotation."
AHDASH-V10-0186,Party Gameplay,13 Text Question,Helper controls and reveal CTA,Detail crop,366,299,1.0,No,TEST-ONLY,28_detail_crops/detail__text_question__helpers_reveal_cta.png,a89daec77dd9ff250674230e414d90a2ab4f862f4687a495852f113c835d3a14,"Major-screen detail. Exact crop (12, 545, 378, 844) from 06_party_gameplay/13_text_question_timer_active_primary_390x844.png; no resize or annotation."
AHDASH-V10-0187,Party Gameplay,14 Image Question,Loaded image and question,Detail crop,366,435,1.0,No,TEST-ONLY,28_detail_crops/detail__image_question__media.png,02be2655635122660a88fe06a2d3727a91f5c89c2dd3963add5118d1d84aef35,"Major-screen detail. Exact crop (12, 175, 378, 610) from 06_party_gameplay/14_image_question_loaded_primary_390x844.png; no resize or annotation."
AHDASH-V10-0188,Party Gameplay,15 Answer Reveal,Correct answer,Detail crop,366,400,1.0,No,TEST-ONLY,28_detail_crops/detail__answer_reveal__answer.png,eb33e4fbfe4a4651cbd47432914560367fd13d48da8eadc91a966c22df30b73e,"Major-screen detail. Exact crop (12, 170, 378, 570) from 06_party_gameplay/15_answer_reveal_scoring_primary_390x844.png; no resize or annotation."
AHDASH-V10-0189,Party Gameplay,15 Answer Reveal,Scoring controls and next CTA,Detail crop,366,324,1.0,No,TEST-ONLY,28_detail_crops/detail__answer_reveal__scoring_next.png,cb8bfbe2362ffadd09b92712dd50e7ce598364986c6d5e966c0ee884c8c9c54e,"Major-screen detail. Exact crop (12, 520, 378, 844) from 06_party_gameplay/15_answer_reveal_scoring_primary_390x844.png; no resize or annotation."
AHDASH-V10-0190,Party Gameplay,16 Final Result,Winning team and final score,Detail crop,366,485,1.0,No,TEST-ONLY,28_detail_crops/detail__final_result__winner_score.png,dca6ccbd21b6028a7fe593c708076807a694614dea6d244164e7561544aa7084,"Major-screen detail. Exact crop (12, 100, 378, 585) from 06_party_gameplay/16_final_result_winner_a_primary_390x844.png; no resize or annotation."
AHDASH-V10-0191,Party Gameplay,16 Final Result,Primary and secondary actions,Detail crop,366,290,1.0,No,TEST-ONLY,28_detail_crops/detail__final_result__actions.png,f94a58d76f525d47985f184d9071be6c21b5f6c3dd24217b70b67b1e84207ee9,"Major-screen detail. Exact crop (12, 540, 378, 830) from 06_party_gameplay/16_final_result_winner_a_primary_390x844.png; no resize or annotation."
AHDASH-V10-0192,Saved Games & Help,18 Saved Party Games,"Session card, scores, metadata, and resume action",Detail crop,366,490,1.0,No,TEST-ONLY,28_detail_crops/detail__saved_games__session_card.png,579f9678f3c5c8d6f7f19d36b999c96abac94e9d83560b8a9e16224a3356e236,"Major-screen detail. Exact crop (12, 150, 378, 640) from 07_saved_games/18_saved_games_multiple_fixture_primary_390x844.png; no resize or annotation."
AHDASH-V10-0193,Saved Games & Help,18 Saved Party Games,Empty state,Detail crop,350,470,1.0,No,TEST-ONLY,28_detail_crops/detail__saved_games__empty_state.png,bc8c61c2d34a0de9dd1b760bd4d2407275a7e21045724b4e00cd839503a03a9e,"Major-screen detail. Exact crop (20, 210, 370, 680) from 22_empty_states/18_saved_games_empty_primary_390x844.png; no resize or annotation."
AHDASH-V10-0194,Tournament,19 Tournament Hub,Tournament card,Detail crop,366,450,1.0,No,TEST-ONLY,28_detail_crops/detail__tournament__hub_card.png,5b82ada023af0ccb75775d71a7637042bf0423f63467acb978d675d0f771f0a7,"Major-screen detail. Exact crop (12, 140, 378, 590) from 08_tournament/19_tournament_hub_populated_primary_390x844.png; no resize or annotation."
AHDASH-V10-0195,Tournament,23 Tournament Bracket,Bracket nodes and connectors,Detail crop,380,595,1.0,No,TEST-ONLY,28_detail_crops/detail__tournament__bracket_nodes_connectors.png,1f55157662c7cc6f6d772b67e167c5383dfa09226f2155bbe47fdfffda448b75,"Major-screen detail. Exact crop (5, 120, 385, 715) from 08_tournament/23_tournament_bracket_initial_primary_390x844.png; no resize or annotation."
AHDASH-V10-0196,Tournament,26 Tournament Match,Active match card,Detail crop,366,515,1.0,No,TEST-ONLY,28_detail_crops/detail__tournament__match_card.png,01e0b0b10c83727dd1ce8f0abf323d31340cdc1766a5e41f14e7fbec0c7b4d58,"Major-screen detail. Exact crop (12, 135, 378, 650) from 08_tournament/26_tournament_match_active_primary_390x844.png; no resize or annotation."
AHDASH-V10-0197,Tournament,27 Tournament Champion,Champion state and CTAs,Detail crop,366,680,1.0,No,TEST-ONLY,28_detail_crops/detail__tournament__champion_actions.png,1c8ee282522583f05178846c89d6af9d3e786158f1f67dd719bdc54781c1371e,"Major-screen detail. Exact crop (12, 120, 378, 800) from 08_tournament/27_tournament_champion_primary_390x844.png; no resize or annotation."
AHDASH-V10-0198,Friends,35 Friends,"Search field, result row, avatar, relationship, and action",Detail crop,366,540,1.0,No,TEST-ONLY,28_detail_crops/detail__friends__search_results.png,65a958f41aa37b1aa80e7c72c2c8879d7ecd57ffcd33615ce48c8e348bbeaf10,"Major-screen detail. Exact crop (12, 110, 378, 650) from 12_friends/35_friends_search_results_fixture_primary_390x844.png; no resize or annotation."
AHDASH-V10-0199,Blocked Players,36 Blocked Players,Blocked row and unblock action,Detail crop,366,415,1.0,No,TEST-ONLY,28_detail_crops/detail__blocked_players__row_action.png,0794fededcea21017559519d0755e47d92ae6cd869f08ad420d1b99f7ece2f4d,"Major-screen detail. Exact crop (12, 145, 378, 560) from 13_blocked_players/36_blocked_players_populated_fixture_primary_390x844.png; no resize or annotation."
AHDASH-V10-0200,Team Detail,37 Team Detail,"Header, identity, members, and actions",Detail crop,370,650,1.0,No,TEST-ONLY,28_detail_crops/detail__team_detail__identity_members_actions.png,89d9ac9fdb93625d9188f096cc74dc3864d3a17bbcadc0f3da5a6cc0df1f0941,"Major-screen detail. Exact crop (10, 80, 380, 730) from 14_team_detail/37_team_detail_primary_390x844.png; no resize or annotation."
AHDASH-V10-0201,Profile,38 Profile,Player 11 avatar and identity,Detail crop,366,310,1.0,No,TEST-ONLY,28_detail_crops/detail__profile__avatar_identity.png,99a15391715204dfc6e9b5bcf91909dd270d3f3c55df9cc16b5f3c223056d372,"Major-screen detail. Exact crop (12, 80, 378, 390) from 15_profile/38_profile_primary_390x844.png; no resize or annotation."
AHDASH-V10-0202,Profile,38 Profile,Identity fields and controls,Detail crop,366,410,1.0,No,TEST-ONLY,28_detail_crops/detail__profile__fields_controls.png,fc1c7f80eb4f6678aa95381dfbe140c106f2b1c3cfe1ccade2749ba8975c3c72,"Major-screen detail. Exact crop (12, 350, 378, 760) from 15_profile/38_profile_primary_390x844.png; no resize or annotation."
AHDASH-V10-0203,Notifications,39 Notifications,Notification rows,Detail crop,366,450,1.0,No,TEST-ONLY,28_detail_crops/detail__notifications__row.png,b92cc2d5d9a5052c505b4491074072c19f768303607692e33f980752dc7d4c19,"Major-screen detail. Exact crop (12, 130, 378, 580) from 16_notifications/39_notifications_populated_fixture_primary_390x844.png; no resize or annotation."
AHDASH-V10-0204,Settings,40 Settings,Account settings rows,Detail crop,366,375,1.0,No,TEST-ONLY,28_detail_crops/detail__settings__account_rows.png,bffb9a4d222a703e7890fa57b460a36e2c96b9eff06e605fc3418d1992ddc827,"Major-screen detail. Exact crop (12, 100, 378, 475) from 17_settings/40_settings_signed_in_primary_390x844.png; no resize or annotation."
AHDASH-V10-0205,Settings,40 Settings,Legal links and logout,Detail crop,366,380,1.0,No,TEST-ONLY,28_detail_crops/detail__settings__legal_logout.png,2696e3706fd046694947f460438fbc2baf98245a8f081aadab4087afd6702e25,"Major-screen detail. Exact crop (12, 430, 378, 810) from 17_settings/40_settings_signed_in_primary_390x844.png; no resize or annotation."
AHDASH-V10-0206,Report,41 Report a Problem,Form fields,Detail crop,366,480,1.0,No,TEST-ONLY,28_detail_crops/detail__report__form_fields.png,fe3f4d6c493a4e877413bc83317f64b310f2766ef29d1fd1cc7405d633a03357,"Major-screen detail. Exact crop (12, 130, 378, 610) from 18_report/41_report_problem_empty_primary_390x844.png; no resize or annotation."
AHDASH-V10-0207,Report,41 Report a Problem,Submission CTA,Detail crop,358,240,1.0,No,TEST-ONLY,28_detail_crops/detail__report__cta.png,90b68e4197f541d1135872928d342a6d285ffab7cbd195d372acf1923a7940ab,"Major-screen detail. Exact crop (16, 580, 374, 820) from 18_report/41_report_problem_empty_primary_390x844.png; no resize or annotation."
AHDASH-V10-0208,Football Preferences,42 Football Preferences,Search and selected preference cards,Detail crop,366,540,1.0,No,TEST-ONLY,28_detail_crops/detail__football__search_preferences.png,471c756196a7b5917d696690a507949c316199e08bd6bb5d077286493d6b1496,"Major-screen detail. Exact crop (12, 110, 378, 650) from 19_football_preferences/42_football_preferences_selected_primary_390x844.png; no resize or annotation."
AHDASH-V10-0209,Football Preferences,42 Football Preferences,Save CTA,Detail crop,358,135,1.0,No,TEST-ONLY,28_detail_crops/detail__football__save_cta.png,09d2ef1b610d7fc6aef92516b853b66b3d896ef4a94fc63215c616704923659d,"Major-screen detail. Exact crop (16, 500, 374, 635) from 19_football_preferences/42_football_preferences_selected_primary_390x844.png; no resize or annotation."
AHDASH-V10-0210,Premium,43 Premium,Premium hero and benefits,Detail crop,390,310,1.0,No,TEST-ONLY,28_detail_crops/detail__premium__hero_benefits.png,fbfd08c301d572140ecf127df6cdf13d48625cfe82425ec6fc0fffea8ffdbbab,"Major-screen detail. Exact crop (0, 0, 390, 310) from 20_premium/43_premium_inactive_primary_390x844.png; no resize or annotation."
AHDASH-V10-0211,Premium,43 Premium,Package selector and dynamic fixture prices,Detail crop,366,200,1.0,No,TEST-ONLY,28_detail_crops/detail__premium__packages_prices.png,1586856c8821ed77c7017991c430ae338d41ebe1451b32269cb4916c644ff371,"Major-screen detail. Exact crop (12, 300, 378, 500) from 20_premium/43_premium_inactive_primary_390x844.png; no resize or annotation."
AHDASH-V10-0212,Premium,43 Premium,Subscribe and Restore Purchases actions,Detail crop,366,390,1.0,No,TEST-ONLY,28_detail_crops/detail__premium__subscribe_restore.png,fd893e18ba2bc931df31ec94eb627b6798bbda2ae349fcc457e439253cc3b74d,"Major-screen detail. Exact crop (12, 430, 378, 820) from 20_premium/43_premium_inactive_primary_390x844.png; no resize or annotation."
AHDASH-V10-0213,Home,05 Home,Primary Button,Component crop,346,90,1.0,No,TEST-ONLY,27_components/component__primary_button.png,f75aea2ac9c8bac14c304b89d347541cd8aadae94f8ab28b8c976689fc415b03,"Reusable component with surrounding spacing context. Exact crop (22, 300, 368, 390) from 03_home/05_home_signed_in_primary_390x844.png; no resize or annotation."
AHDASH-V10-0214,Authentication,03 Sign In,Secondary Button,Component crop,340,80,1.0,No,No,27_components/component__secondary_button.png,9a9efdae5e3445e17430257f8bb9852f2f040263ec3e9229392bc36ad54a8355,"Reusable component with surrounding spacing context. Exact crop (25, 620, 365, 700) from 02_auth/03_sign_in_empty_primary_390x844.png; no resize or annotation."
AHDASH-V10-0215,Party Gameplay,16 Final Result,Text Button,Component crop,170,80,1.0,No,TEST-ONLY,27_components/component__text_button.png,de92d6102f74cde18568bc70b0919ebf53d8f13029ca27520251af92e2125b50,"Reusable component with surrounding spacing context. Exact crop (110, 745, 280, 825) from 06_party_gameplay/16_final_result_winner_a_primary_390x844.png; no resize or annotation."
AHDASH-V10-0216,Blocked Players,36 Blocked Players,Destructive Button,Component crop,135,90,1.0,No,TEST-ONLY,27_components/component__destructive_button.png,f50c64a69f9c188d7bd5e81682f953442bd8fb86c53fc10c02d8e1df10ee9147,"Reusable component with surrounding spacing context. Exact crop (20, 130, 155, 220) from 13_blocked_players/36_blocked_players_populated_fixture_primary_390x844.png; no resize or annotation."
AHDASH-V10-0217,Party Gameplay,15 Answer Reveal,Disabled Button,Component crop,354,80,1.0,No,TEST-ONLY,27_components/component__disabled_button.png,2909dfb5dafb9be038d798349e2872b69e845ceb16bda404a991525478c6aa89,"Reusable component with surrounding spacing context. Exact crop (18, 735, 372, 815) from 06_party_gameplay/15_answer_reveal_scoring_primary_390x844.png; no resize or annotation."
AHDASH-V10-0218,Authentication,03 Sign In,Loading Button,Component crop,346,85,1.0,No,TEST-ONLY,27_components/component__loading_button.png,9cf88f2e41712e227e7feaa91685dbc895276c785c2f3600ff09882a113e2616,"Reusable component with surrounding spacing context. Exact crop (22, 480, 368, 565) from 23_loading_states/03_sign_in_submitting_primary_390x844.png; no resize or annotation."
AHDASH-V10-0219,Authentication,04 Create Account,Text Field,Component crop,346,110,1.0,No,No,27_components/component__text_field.png,4917d35798ffe599b4e7ea6fc1db05174e37c2ad19a7785dfffe24adfd7dbd8d,"Reusable component with surrounding spacing context. Exact crop (22, 275, 368, 385) from 02_auth/04_create_account_empty_primary_390x844.png; no resize or annotation."
AHDASH-V10-0220,Authentication,03 Sign In,Focused Field,Component crop,346,100,1.0,No,TEST-ONLY,27_components/component__focused_field.png,50d86eb4482a2b284c7266730ba66aea76f43b91fec7a4be14e9ded6d06715c6,"Reusable component with surrounding spacing context. Exact crop (22, 45, 368, 145) from 25_keyboard/03_sign_in_keyboard_390x844.png; no resize or annotation."
AHDASH-V10-0221,Authentication,03 Sign In,Error Field,Component crop,350,170,1.0,No,No,27_components/component__error_field.png,b095b72b68e655976507dbef544cae27dd971ab5f6c16b4a94f42c2815d6291e,"Reusable component with surrounding spacing context. Exact crop (20, 260, 370, 430) from 02_auth/03_sign_in_validation_errors_primary_390x844.png; no resize or annotation."
AHDASH-V10-0222,Authentication,03 Sign In,Password Field,Component crop,350,140,1.0,No,TEST-ONLY,27_components/component__password_field.png,a780149e1c9c8a14850401ce0cc97d2fac4c26066eb37e58d0115c258cf0c92c,"Reusable component with surrounding spacing context. Exact crop (20, 365, 370, 505) from 02_auth/03_sign_in_password_visible_primary_390x844.png; no resize or annotation."
AHDASH-V10-0223,Friends,35 Friends,Search Field,Component crop,358,140,1.0,No,TEST-ONLY,27_components/component__search_field.png,c47401f38b06afe7720e4e69f892649f8cb33471b4bba1c5f36f20203014743a,"Reusable component with surrounding spacing context. Exact crop (16, 90, 374, 230) from 25_keyboard/35_friends_search_keyboard_390x844.png; no resize or annotation."
AHDASH-V10-0224,Home,05 Home,Mode Card,Component crop,366,175,1.0,No,TEST-ONLY,27_components/component__mode_card.png,22b2a267cb040cea357c8c67fdbc53e49ddb60f418a20449d2ecbd5fb2ecda27,"Reusable component with surrounding spacing context. Exact crop (12, 365, 378, 540) from 03_home/05_home_signed_in_primary_390x844.png; no resize or annotation."
AHDASH-V10-0225,Categories,06 Category Selection,Category Card,Component crop,170,230,1.0,No,TEST-ONLY,27_components/component__category_card_selected.png,33e15118555e26b5b656b0b77ef9ca3c145a4880157392ad6254905bf090b2fd,"Reusable component with surrounding spacing context. Exact crop (20, 225, 190, 455) from 04_categories/06_category_selection_six_selected_primary_390x844.png; no resize or annotation."
AHDASH-V10-0226,Party Setup,10 Helpers,Helper Card,Component crop,366,140,1.0,No,TEST-ONLY,27_components/component__helper_card_selected.png,ae4346c7fe6e727a5bb19042fa2d0a851440c6997f9223ef3655e1f184464a6a,"Reusable component with surrounding spacing context. Exact crop (12, 190, 378, 330) from 05_party_setup/10_helpers_three_selected_primary_390x844.png; no resize or annotation."
AHDASH-V10-0227,Friends,35 Friends,Friend Row,Component crop,362,175,1.0,No,TEST-ONLY,27_components/component__friend_row_avatar_action.png,5630af66fb7d4eec35bd989c3c6219c85e685f28140b6d61aebce0034669d72f,"Reusable component with surrounding spacing context. Exact crop (14, 170, 376, 345) from 12_friends/35_friends_populated_fixture_primary_390x844.png; no resize or annotation."
AHDASH-V10-0228,Blocked Players,36 Blocked Players,Blocked Row,Component crop,366,190,1.0,No,TEST-ONLY,27_components/component__blocked_row.png,b32416f2aede69ce6392fafc2e064506332c466bef95386533a82240362d0196,"Reusable component with surrounding spacing context. Exact crop (12, 175, 378, 365) from 13_blocked_players/36_blocked_players_populated_fixture_primary_390x844.png; no resize or annotation."
AHDASH-V10-0229,Saved Games & Help,18 Saved Party Games,Saved Game Card,Component crop,366,260,1.0,No,TEST-ONLY,27_components/component__saved_game_card.png,c9c9b086becfccb1ed1d96f319eefa6ef77c550697535c4c8dbc1d1d95d67036,"Reusable component with surrounding spacing context. Exact crop (12, 170, 378, 430) from 07_saved_games/18_saved_games_multiple_fixture_primary_390x844.png; no resize or annotation."
AHDASH-V10-0230,Tournament,26 Tournament Match,Tournament Match Card,Component crop,366,250,1.0,No,TEST-ONLY,27_components/component__tournament_match_card.png,d00b89ec6747aa98519b86e6436102fd068a03125f864a661ef2e60f797ea864,"Reusable component with surrounding spacing context. Exact crop (12, 190, 378, 440) from 08_tournament/26_tournament_match_active_primary_390x844.png; no resize or annotation."
AHDASH-V10-0231,Premium,43 Premium,Premium Package Card,Component crop,360,155,1.0,No,TEST-ONLY,27_components/component__premium_package_card.png,34ae036f793b80e6f0de4a67404eb0e21b119abddeca7933db2b1747dacc6baa,"Reusable component with surrounding spacing context. Exact crop (15, 300, 375, 455) from 20_premium/43_premium_inactive_primary_390x844.png; no resize or annotation."
AHDASH-V10-0232,Settings,40 Settings,Page Header,Component crop,390,145,1.0,No,TEST-ONLY,27_components/component__page_header.png,75e8ce098180b4d3af8910eeffc7a8b28c26934969ccb782c1ddfd816e883ac5,"Reusable component with surrounding spacing context. Exact crop (0, 0, 390, 145) from 17_settings/40_settings_signed_in_primary_390x844.png; no resize or annotation."
AHDASH-V10-0233,Settings,40 Settings,Section Header,Component crop,366,100,1.0,No,TEST-ONLY,27_components/component__section_header.png,18c73eb29cd0ab673c420818bf165ede65f75c92147f0f54091ba9dbac5e61aa,"Reusable component with surrounding spacing context. Exact crop (12, 125, 378, 225) from 17_settings/40_settings_signed_in_primary_390x844.png; no resize or annotation."
AHDASH-V10-0234,Friends,35 Friends,Empty State,Component crop,320,355,1.0,No,TEST-ONLY,27_components/component__empty_state.png,3c7dbe5d40ee8a14093912a0cb6284e394808e61e0e337fedab0fb7a7c45d6cd,"Reusable component with surrounding spacing context. Exact crop (35, 230, 355, 585) from 22_empty_states/35_friends_empty_primary_390x844.png; no resize or annotation."
AHDASH-V10-0235,Friends,35 Friends,Error State,Component crop,320,380,1.0,No,TEST-ONLY,27_components/component__error_state.png,c8ff71f921553f38df7821d09851234bed917c21547655f047a6f49f4f3cdad8,"Reusable component with surrounding spacing context. Exact crop (35, 220, 355, 600) from 24_error_states/35_friends_error_primary_390x844.png; no resize or annotation."
AHDASH-V10-0236,Notifications,39 Notifications,Loading State,Component crop,270,370,1.0,No,TEST-ONLY,27_components/component__loading_state.png,19403bc62ac6e7db73d2432ec55922b52b59cb170b3ded98fec57720abfae26f,"Reusable component with surrounding spacing context. Exact crop (60, 220, 330, 590) from 23_loading_states/39_notifications_loading_primary_390x844.png; no resize or annotation."
AHDASH-V10-0237,Guest,Auth Gate,Auth Gate,Component crop,346,525,1.0,No,TEST-ONLY,27_components/component__auth_gate.png,c1427841b74086a0a8a08f391252935c60afeab86e031ccf6d04e9eaf8efd994,"Reusable component with surrounding spacing context. Exact crop (22, 175, 368, 700) from 21_guest/global_guest_auth_gate_primary_390x844.png; no resize or annotation."
AHDASH-V10-0238,Home,05 Home,Status Chip,Component crop,160,67,1.0,No,TEST-ONLY,27_components/component__status_chip.png,999458573bdd5c04646a8ff298623e9ae3a88e220dc0cc424aedd0d423b42216,"Reusable component with surrounding spacing context. Exact crop (205, 575, 365, 642) from 03_home/05_home_signed_in_primary_390x844.png; no resize or annotation."
AHDASH-V10-0239,Profile,38 Profile,Player 11 avatar,Component crop,154,165,1.0,No,TEST-ONLY,27_components/component__player_11_avatar.png,0834074790bf7c4949b75d250123321f8d35981d657e9a4e909b7eed2b311e94,"Reusable component with surrounding spacing context. Exact crop (118, 90, 272, 255) from 15_profile/38_profile_primary_390x844.png; no resize or annotation."
AHDASH-V10-0240,Party Gameplay,12 Game Board,Score component,Component crop,280,100,1.0,No,TEST-ONLY,27_components/component__score.png,3d14c13e44cd1e5a8de4f822a770c0b8d82bd1274bfd4029212cf85cc2556da3,"Reusable component with surrounding spacing context. Exact crop (55, 65, 335, 165) from 06_party_gameplay/12_game_board_mid_game_primary_390x844.png; no resize or annotation."
AHDASH-V10-0241,Party Gameplay,13 Text Question,Timer,Component crop,140,110,1.0,No,TEST-ONLY,27_components/component__timer.png,1616a11880d6112e9d2c103ca7c070557ec5b09217548b4d349e19e094bde918,"Reusable component with surrounding spacing context. Exact crop (125, 115, 265, 225) from 06_party_gameplay/13_text_question_timer_active_primary_390x844.png; no resize or annotation."
AHDASH-V10-0242,Party Gameplay,12 Game Board,Question cell,Component crop,115,120,1.0,No,TEST-ONLY,27_components/component__question_cell.png,d6205bc1522ca3410186185abcd95831bca8bacaf87c78234333a9036755bc69,"Reusable component with surrounding spacing context. Exact crop (25, 245, 140, 365) from 06_party_gameplay/12_game_board_mid_game_primary_390x844.png; no resize or annotation."
