relative_path	dimensions	sha256_prefix
home/01_home_signed_in_390x844.png	390x844	12ba11b427049eee
home/02_home_compact_360x800.png	360x800	60b9c83458279e68
home/03_home_guest_390x844.png	390x844	d8cca0b80eeb8082
home/04_home_premium_discovery_390x844.png	390x844	1802af852b1a0fa6
motion_keyframes/05_home_motion_keyframe_390x844.png	390x844	e26e74a93bb9baee
premium/06_premium_monthly_selected_390x844.png	390x844	f9eb2859c87e1324
premium/07_premium_annual_selected_390x844.png	390x844	a79949532f488f53
premium/08_premium_packages_loading_390x844.png	390x844	a920a5a7227da611
premium/09_premium_packages_unavailable_390x844.png	390x844	6d4af86828b94ac2
premium/10_premium_active_subscriber_390x844.png	390x844	b162fd2da4852481
premium/11_premium_purchase_loading_390x844.png	390x844	ffa6df50a47601b9
premium/12_premium_category_locked_390x844.png	390x844	c9746a1eb88c824f
premium/13_premium_category_gate_390x844.png	390x844	68479ad2de15dac6
details/14_home_hero.png	350x248	255f7dd33e9e1316
details/15_motion_artwork.png	166x134	ed8c748dba56085a
details/16_premium_hero.png	342x202	40d88e46e1ef76fa
details/17_monthly_annual_selector.png	342x152	ad7f92f4bdd226ae
details/18_premium_benefits.png	342x171	58d3e80c7f77024e
details/19_subscribe_cta.png	342x78	556edc7fa298e8ce
details/20_premium_category_badge.png	112x74	b569c078bea8c8ed
before_after/home_before_390x844.png	390x844	74d5bab073ff9fe6
before_after/home_after_390x844.png	390x844	12ba11b427049eee
before_after/premium_before_390x844.png	390x844	e6f688516ec5980b
before_after/premium_after_390x844.png	390x844	f9eb2859c87e1324
before_after/home_before_after_798x886.png	798x886	836533daa5875735
before_after/premium_before_after_798x886.png	798x886	ba51dc59203ab9eb
