path	width	height	bytes	sha256_12
add_friend/01_add_friend_search_390x844.png	390	844	68266	1295eb52b4db
add_friend/02_search_keyboard_390x844.png	390	844	38422	00dbb385f994
add_friend/03_search_results_390x844.png	390	844	68266	1295eb52b4db
add_friend/04_no_results_390x844.png	390	844	38422	00dbb385f994
add_friend/05_friend_added_390x844.png	390	844	66577	b9356d637ca3
add_friend/06_add_action_available_390x844.png	390	844	68266	1295eb52b4db
add_friend/07_already_friend_390x844.png	390	844	68266	1295eb52b4db
add_friend/08_search_loading_390x844.png	390	844	50787	dd00dd621b7a
add_friend/09_search_error_390x844.png	390	844	56574	46bcb4d1548b
admin/01_voucher_dashboard_1440x1800.png	1440	1800	47426	f4731caae00a
admin/02_voucher_creation_1440x1800.png	1440	1800	47426	f4731caae00a
admin/03_monthly_selected_1440x1800.png	1440	1800	47426	f4731caae00a
admin/04_annual_selected_1440x1800.png	1440	1800	47388	0115d26b060d
admin/05_code_generated_1440x1800.png	1440	1800	52961	9fd5fca6ba82
admin/06_copy_code_1440x1800.png	1440	1800	52961	9fd5fca6ba82
admin/07_unused_table_state.png	895	130	3673	c57e78b119b1
admin/08_redeemed_table_state.png	895	130	4612	2e2a640c23cc
admin/09_disabled_table_state.png	895	135	3311	a00eaceafca4
admin/10_admin_empty_1440x1800.png	1440	1800	42830	96f902d3ca58
artwork/ahdash_ads_free.png	390	300	6306	5dee778e61f4
artwork/ahdash_blocked_empty.png	304	109	8388	c7ddbe49969e
artwork/ahdash_friends_connection.png	142	138	5254	96f8c8c37c2e
artwork/ahdash_friends_empty.png	304	109	7555	594173dbf62d
artwork/ahdash_premium_categories.png	390	300	8523	ec391d2df496
artwork/ahdash_premium_unlock.png	190	202	6685	0baf20690b8c
artwork/ahdash_settings_account.png	152	170	4641	f5f2985a2eff
artwork/ahdash_voucher_success.png	183	202	7829	6f9aaeda1a11
artwork/ahdash_voucher_ticket.png	183	202	8026	805306f868d5
before_after/add_friend_after.png	390	844	68266	1295eb52b4db
before_after/add_friend_before.png	390	844	63416	2ae5b499702d
before_after/add_friend_before_after.png	780	888	114392	6af36b522ce2
before_after/admin_voucher_dashboard_after.png	1440	1800	47426	f4731caae00a
before_after/admin_voucher_dashboard_before.png	1440	1800	81519	55d2ecef5050
before_after/admin_voucher_dashboard_before_after.png	2880	1844	132824	ccc3f4cb5f85
before_after/blocked_players_after.png	390	844	38890	224f091a2d21
before_after/blocked_players_before.png	390	844	38610	ff55636eec4f
before_after/blocked_players_before_after.png	780	888	65576	3d12d1af4a8f
before_after/friends_after.png	390	844	59141	13f99b20242f
before_after/friends_before.png	390	844	54528	1975f508f16f
before_after/friends_before_after.png	780	888	98638	58dabeb4f6fd
before_after/premium_voucher_after.png	390	844	46813	885558adcbbb
before_after/premium_voucher_before.png	390	844	36662	0fe2ac9e92fb
before_after/premium_voucher_before_after.png	780	888	62991	bfa0b5dd9540
before_after/profile_after.png	390	844	41107	039e246819c6
before_after/profile_before.png	390	844	40786	979027aa4f7a
before_after/profile_before_after.png	780	888	49045	9ce2ed64fef4
before_after/ranking_after.png	390	844	39943	7f612a3e12ab
before_after/ranking_before.png	390	844	34497	ddbd3c5f1a53
before_after/ranking_before_after.png	780	888	64089	414d08659a74
before_after/settings_after.png	390	844	50321	2d40a437ac3a
before_after/settings_before.png	390	844	49663	2b2284fcdeba
before_after/settings_before_after.png	780	888	89756	37f9d9478204
before_after/team_detail_after.png	390	844	54852	170d511ded2f
before_after/team_detail_before.png	390	844	53299	7de89025f48f
before_after/team_detail_before_after.png	780	888	93377	2d4901e8fe01
blocked/01_block_confirmation_390x844.png	390	844	42368	5fceaaedb8bc
blocked/02_blocked_players_390x844.png	390	844	38890	224f091a2d21
blocked/03_blocked_empty_390x844.png	390	844	43812	d387cca7fc29
blocked/04_unblock_390x844.png	390	844	38572	86d879d5e931
details/01_friends_hero.png	342	138	13749	3c245cdede40
details/02_search_field.png	342	94	5709	1c9430c31c17
details/03_friend_row.png	342	74	8708	88ace42b469c
details/04_team_identity.png	342	313	21947	ce47f07cd838
details/05_ranking_table.png	342	214	18293	e4c8f82900ad
details/06_profile_identity.png	342	204	8810	9ad80d87faf1
details/07_settings_account.png	342	303	17618	5882457afdb5
details/08_settings_premium.png	342	152	7056	672633aa3923
details/09_settings_support_legal.png	342	400	21509	cf31a9a749cb
details/10_settings_logout.png	342	192	7185	ab467aad44f0
details/11_premium_hero.png	342	202	15988	46c7d0b43c62
details/12_premium_benefits.png	342	145	11448	d148eabcf46f
details/13_premium_plans.png	342	125	8265	e1e9eed35132
details/14_voucher_field.png	342	264	15329	e2787a728e96
details/15_voucher_success.png	342	432	24620	091aeb3cb3bf
details/16_admin_create.png	365	535	9580	bbdceda707a6
details/17_admin_status_table.png	895	365	11336	7cdb919edb88
details/18_admin_one_time_code.png	1265	430	17027	524276a787ed
empty_states/01_friends_empty_390x844.png	390	844	51112	86d791218435
empty_states/02_blocked_empty_390x844.png	390	844	43812	d387cca7fc29
empty_states/03_editorial_empty_state.png	390	460	16422	ad4b9eb18b18
error/01_friends_error_390x844.png	390	844	43868	417312e1776c
error/02_search_error_390x844.png	390	844	56574	46bcb4d1548b
error/03_voucher_invalid_390x844.png	390	844	49775	12044c18f05b
error/04_voucher_used_390x844.png	390	844	50642	c569ff1d2f8b
error/05_premium_unavailable_390x844.png	390	844	47092	1698349ad4b7
error/06_editorial_error_state.png	390	460	15222	f43b2b3f42ba
friends/01_friends_primary_390x844.png	390	844	59141	13f99b20242f
friends/02_friends_compact_360x800.png	360	800	53298	ec38376fea20
friends/03_friends_empty_390x844.png	390	844	51112	86d791218435
friends/04_friends_loading_390x844.png	390	844	34672	07388d5b22dc
friends/05_friends_error_390x844.png	390	844	43868	417312e1776c
guest/01_social_guest_gate_390x844.png	390	844	39169	5db03f79cf7f
guest/02_settings_guest_390x844.png	390	844	50194	d988227fbb4b
loading/01_friends_loading_390x844.png	390	844	34672	07388d5b22dc
loading/02_search_loading_390x844.png	390	844	50787	dd00dd621b7a
loading/03_voucher_validating_390x844.png	390	844	45607	05cddc099c68
loading/04_premium_loading_390x844.png	390	844	31174	6b3da573fcfd
loading/05_contextual_loading.png	390	460	4888	e3ca9178ce10
motion_keyframes/01_reduced_motion_static.png	390	844	59141	13f99b20242f
motion_keyframes/02_home_hero_00.png	390	300	11895	8b14d24577e7
motion_keyframes/03_home_hero_50.png	390	300	11658	098c8e4ac7e2
motion_keyframes/04_home_hero_100.png	390	300	11588	b6f7b1544e91
premium/01_premium_monthly_390x844.png	390	844	55944	b7857ca36f86
premium/02_premium_annual_390x844.png	390	844	55651	5bdebab93a80
premium/03_premium_active_subscriber_390x844.png	390	844	50099	dd325c45281a
premium/04_premium_loading_390x844.png	390	844	31174	6b3da573fcfd
premium/05_premium_unavailable_390x844.png	390	844	47092	1698349ad4b7
premium/06_premium_purchase_loading_390x844.png	390	844	55021	96f2fd22b030
premium/07_category_locked_390x844.png	390	844	214628	f06fdb331bb3
premium/08_category_unlocked_390x844.png	390	844	217056	6906ef621c5a
premium/09_category_gate_390x844.png	390	844	81581	6a1c8511a7cb
profile/01_profile_social_390x844.png	390	844	41107	039e246819c6
ranking/01_ranking_390x844.png	390	844	39943	7f612a3e12ab
settings/01_settings_signed_in_390x844.png	390	844	50321	2d40a437ac3a
settings/02_settings_guest_390x844.png	390	844	50194	d988227fbb4b
settings/03_settings_premium_subscriber_390x844.png	390	844	48616	569ee85032b4
settings/04_settings_compact_360x800.png	360	800	44824	65bdccdafadf
settings/05_support_legal_logout_390x844.png	390	844	43132	3ba0104ce98e
team_detail/01_team_detail_390x844.png	390	844	54852	170d511ded2f
voucher/01_premium_voucher_entry_390x844.png	390	844	54697	50bfdcb19851
voucher/02_voucher_form_390x844.png	390	844	46813	885558adcbbb
voucher/03_voucher_keyboard_390x844.png	390	844	41337	5fa7f0bd7edf
voucher/04_voucher_validating_390x844.png	390	844	45607	05cddc099c68
voucher/05_voucher_invalid_390x844.png	390	844	49775	12044c18f05b
voucher/06_voucher_used_390x844.png	390	844	50642	c569ff1d2f8b
voucher/07_voucher_success_monthly_390x844.png	390	844	37572	9b87a3ba1def
voucher/08_voucher_success_annual_390x844.png	390	844	37367	bdbb21442929
voucher/09_premium_active_via_voucher_390x844.png	390	844	54013	b5ab31ca9c12
voucher/10_voucher_guest_gate_390x844.png	390	844	39169	5db03f79cf7f
